Happiness,Health,Freedom,GovermentTrust,Generosity,Economy
7.587,0.94143,0.66557,0.41978,0.29678,1.39651
7.561,0.94784,0.62877,0.14145,0.4363,1.30232
7.527,0.87464,0.64938,0.48357,0.34139,1.32548
7.522,0.88521,0.66973,0.36503,0.34699,1.459
7.427,0.90563,0.63297,0.32957,0.45811,1.32629
7.406,0.88911,0.64169,0.41372,0.23351,1.29025
7.378,0.89284,0.61576,0.31814,0.4761,1.32944
7.364,0.91087,0.6598,0.43844,0.36262,1.33171
7.286,0.90837,0.63938,0.42922,0.47501,1.25018
7.284,0.93156,0.65124,0.35637,0.43562,1.33358
7.278,0.91387,0.41319,0.07785,0.33172,1.22857
7.226,0.86027,0.63376,0.10583,0.25497,0.95578
7.2,0.89042,0.62433,0.18676,0.33088,1.33723
7.187,0.81444,0.48181,0.21312,0.14074,1.02054
7.119,0.86179,0.54604,0.1589,0.40105,1.39451
6.983,0.69702,0.49049,0.17521,0.14574,0.98124
6.946,0.91894,0.61583,0.37798,0.28034,1.56391
6.94,0.89533,0.61777,0.28703,0.45901,1.33596
6.937,0.89667,0.5845,0.2254,0.2225,1.30782
6.901,0.80925,0.64157,0.38583,0.26428,1.42727
6.867,0.90943,0.59625,0.32067,0.51912,1.26637
6.853,0.76276,0.63274,0.32524,0.21542,1.36011
6.81,0.72052,0.42908,0.11069,0.05841,1.04424
6.798,1.02525,0.54252,0.4921,0.31105,1.52186
6.786,0.79661,0.5421,0.0927,0.24434,1.06353
6.75,0.89186,0.61477,0.21843,0.28214,1.32792
6.67,0.85857,0.44132,0.12869,0.33363,1.10715
6.611,0.79733,0.6404,0.52208,0.32573,1.69042
6.575,0.94579,0.55011,0.20646,0.12332,1.27778
6.574,0.78723,0.44974,0.08484,0.11451,1.05351
6.505,0.84483,0.46364,0.02652,0.10686,1.17898
6.485,0.8116,0.60362,0.24558,0.2324,1.06166
6.477,0.69077,0.53466,0.0512,0.18401,0.91861
6.455,0.7385,0.55664,0.03187,0.5763,0.9669
6.411,0.72025,0.31048,0.32524,0.13706,1.39541
6.329,0.95562,0.45951,0.06398,0.18227,1.23011
6.302,0.88721,0.60365,0.13586,0.51752,1.2074
6.298,0.8753,0.3974,0.08129,0.25376,1.29098
6.295,0.72492,0.55499,0.25609,0.16228,1.55422
6.269,0.6082,0.59657,0.13633,0.16991,0.99534
6.168,0.61483,0.55884,0.0114,0.31844,1.21183
6.13,0.67737,0.4035,0.11776,0.10692,0.76454
6.123,0.64425,0.57733,0.09472,0.27489,0.74553
6.003,0.59772,0.65821,0.30826,0.22837,0.63244
5.995,0.78902,0.31751,0.03431,0.16893,1.16891
5.987,0.99111,0.49615,0.1806,0.10705,1.27074
5.984,0.96538,0.33208,0.07857,0.18557,1.24461
5.975,0.79075,0.48574,0.1809,0.11541,0.86402
5.96,0.74716,0.45492,0.306,0.17362,1.32376
5.948,0.95446,0.26236,0.02901,0.22823,1.25114
5.89,0.5392,0.57414,0.088,0.20536,0.68133
5.889,0.61826,0.32818,0.01615,0.20951,0.59448
5.878,0.66098,0.53899,0.08242,0.3424,0.75985
5.855,0.64368,0.51649,0.08454,0.11827,1.12254
5.848,0.87337,0.60855,0.03787,0.25328,1.18498
5.833,0.73128,0.21342,0.01031,0.02641,1.14723
5.828,0.74314,0.55475,0.19317,0.27815,0.59325
5.824,0.73017,0.41496,0.05989,0.14982,0.90019
5.813,0.73608,0.37938,0.1909,0.11046,1.03192
5.791,0.77903,0.53122,0.04212,0.16759,1.12555
5.77,0.72394,0.53024,0.10501,0.33075,1.12486
5.759,0.78805,0.25883,0.0243,0.05444,1.08254
5.754,0.7038,0.41668,0.11023,0.18295,1.13145
5.716,0.66926,0.36679,0.03005,0.00199,1.13764
5.709,0.68741,0.50442,0.02299,0.2123,0.81038
5.695,0.92356,0.49027,0.1428,0.26169,1.20806
5.689,0.92356,0.40672,0.06146,0.30638,1.20813
5.605,0.61766,0.28579,0.17383,0.07822,0.93929
5.589,0.63132,0.24749,0.04741,0.2831,0.80148
5.548,0.53886,0.4761,0.30844,0.16979,0.95847
5.477,0.7095,0.56066,0.07521,0.37744,1.00761
5.474,1.01328,0.59608,0.37124,0.39478,1.38604
5.429,0.77361,0.44888,0.15184,0.0868,1.15174
5.399,0.63793,0.46611,0,0.51535,0.82827
5.36,0.74676,0.59444,0.10441,0.1686,0.63216
5.332,0.73172,0.22815,0.15746,0.12253,1.06098
5.286,0.65088,0.43477,0.04232,0.3003,0.47428
5.268,0.16007,0.34334,0.0403,0.27233,0.65435
5.253,0.57407,0.53206,0.15445,0.47998,0.77042
5.212,0.64045,0.3703,0.16065,0.07799,1.02389
5.194,0.51466,0.12102,0.10464,0.33671,0.59543
5.192,0.69639,0.40661,0.14293,0.11053,0.90198
5.192,0.72521,0.1826,0.14296,0.1614,0.97438
5.14,0.81658,0.51697,0.02781,0.08185,0.89012
5.129,0.29924,0.48827,0.12468,0.19591,0.47038
5.124,0.7689,0.35068,0.00649,0.13748,1.04345
5.123,0.74836,0.20107,0.02617,0.19231,0.92053
5.102,0.87519,0.51469,0.01078,0.13719,1.15991
5.098,0.72437,0.29671,0.06332,0.18226,1.11312
5.073,0.58114,0.62545,0.12279,0.24991,0.70532
5.057,0.43873,0.46582,0.39928,0.50318,0.18847
5.013,0.60954,0.41691,0.08546,0.07172,0.73479
5.007,0.73545,0.33457,0.05327,0.22359,0.91851
4.971,0.09131,0.34037,0.15603,0.22269,0.08308
4.959,0.81325,0.35733,0.06413,0.14272,0.87867
4.949,0.79081,0.09245,0.00227,0.24808,0.83223
4.898,0.07612,0.31767,0.12504,0.16388,0.37545
4.885,0.66825,0.57672,0.14234,0.21684,0.89537
4.876,0.54909,0.59591,0.24249,0.42192,0.59066
4.874,0.60268,0.43626,0.02666,0.3323,0.82819
4.867,0.07566,0.30658,0.0306,0.18259,0.71206
4.857,0.88213,0.07699,0.01397,0,1.15406
4.839,0.83947,0.33916,0.04582,0.21854,1.02564
4.8,0.75905,0.32112,0.02758,0.128,1.12094
4.788,0.6951,0.40148,0.06825,0.23027,0.59532
4.786,0.57379,0.47216,0.15072,0.22974,0.39047
4.739,0.73793,0.26268,0.06358,0.06431,0.88113
4.715,0.66015,0.24499,0.12905,0.11251,0.59867
4.694,0.60164,0.4082,0.12569,0.21222,0.39753
4.686,0.69805,0.30033,0.05863,0.38086,1.0088
4.681,0.6739,0.25123,0.02961,0.15275,0.79907
4.677,0.60237,0,0.13788,0.17922,0.98549
4.642,0.27688,0.33207,0.08884,0.11973,0.92049
4.633,0.40132,0.42342,0.04355,0.23087,0.54558
4.61,0.33475,0.25861,0.08079,0.18987,0.271
4.571,0.34201,0.28531,0.06232,0.24362,0.0712
4.565,0.51529,0.39786,0.08492,0.26475,0.64499
4.55,0.36878,0.10081,0.1466,0.19062,0.52107
4.518,0.38847,0.24425,0.17175,0.46187,0.26673
4.517,0.09806,0.22605,0.07625,0.24834,0
4.514,0.56874,0.38282,0.05907,0.32296,0.35997
4.512,0.44055,0.4345,0.15048,0.24325,0.19073
4.507,0,0.4084,0.08786,0.21488,0.33024
4.436,0.35874,0.24232,0.17461,0.219,0.45407
4.419,0.41435,0.42215,0.05839,0.37542,0.36471
4.369,0.36291,0.46074,0.28105,0.18093,0.44025
4.35,0.7299,0.19847,0.039,0.07855,0.76821
4.332,0.04776,0.49495,0.12474,0.10461,0.99355
4.307,0.48246,0.44017,0.19034,0.79588,0.27108
4.297,0.72926,0.40577,0.38331,0.05547,0.7419
4.292,0.22562,0.43054,0.06977,0.33128,0.01604
4.271,0.70806,0.53726,0.09179,0.40828,0.83524
4.252,0.23402,0.49309,0.05786,0.20618,0.4225
4.218,0.76649,0.30587,0.00872,0.11921,1.01216
4.194,0.61712,0.17288,0.06324,0.11291,0.8818
4.077,0.40064,0.35571,0.07854,0.09131,0.54649
4.033,0.16683,0.10384,0.07122,0.12344,0.75778
3.995,0.20583,0.38857,0.12352,0.18798,0.26074
3.989,0.31051,0.41466,0.11686,0.12388,0.67866
3.956,0.36315,0.22917,0.199,0.17441,0.23906
3.931,0.33861,0.45727,0.07267,0.29066,0.21102
3.904,0.4354,0.36772,0.10713,0.20843,0.36498
3.896,0.43372,0.31914,0.11091,0.06822,1.06024
3.845,0.29707,0.47692,0.15639,0.19387,0.0694
3.819,0.61114,0.66246,0.07247,0.40359,0.46038
3.781,0.38215,0.32878,0.05747,0.34377,0.2852
3.681,0.46721,0.19184,0.08124,0.21333,0.20824
3.678,0.06699,0.48879,0.08289,0.23835,0.0785
3.667,0.1501,0.23501,0.05269,0.18386,0.34193
3.656,0.24009,0.37725,0.12139,0.28657,0.17417
3.655,0.15185,0.46866,0.17922,0.20165,0.46534
3.587,0.27125,0.39493,0.12832,0.21747,0.25812
3.575,0.30335,0.23414,0.09719,0.3651,0.31982
3.465,0.42864,0.59201,0.55191,0.22628,0.22208
3.34,0.3191,0.4845,0.0801,0.1826,0.28665
3.006,0.72193,0.15684,0.18906,0.47179,0.6632
2.905,0.22396,0.1185,0.10062,0.19727,0.0153
2.839,0.28443,0.36453,0.10731,0.16681,0.20868
7.526,0.79504,0.57941,0.44453,0.36171,1.44178
7.509,0.86303,0.58557,0.41203,0.28083,1.52733
7.501,0.86733,0.56624,0.14975,0.47678,1.42666
7.498,0.79579,0.59609,0.35776,0.37895,1.57744
7.413,0.81091,0.57104,0.41004,0.25492,1.40598
7.404,0.8276,0.5737,0.31329,0.44834,1.44015
7.339,0.81231,0.55211,0.29927,0.47416,1.46468
7.334,0.83096,0.58147,0.41904,0.49401,1.36066
7.313,0.8512,0.56837,0.32331,0.47407,1.44443
7.291,0.83121,0.58218,0.40867,0.38254,1.45181
7.267,0.84917,0.36432,0.08728,0.32288,1.33766
7.119,0.80565,0.54355,0.21348,0.32865,1.45038
7.104,0.779,0.48163,0.14868,0.41077,1.50796
7.087,0.76146,0.55225,0.10547,0.22553,1.06879
7.039,0.77758,0.46823,0.12275,0.22202,1.35943
6.994,0.81487,0.53466,0.28551,0.30452,1.44787
6.952,0.61415,0.40425,0.14166,0.15776,1.08754
6.929,0.81959,0.51354,0.26248,0.2424,1.42539
6.907,0.81455,0.54008,0.29754,0.44963,1.48341
6.871,0.84542,0.5487,0.35329,0.27571,1.69752
6.778,0.71143,0.37709,0.18355,0.11735,1.11508
6.739,0.94719,0.4877,0.46987,0.32706,1.64555
6.725,0.80991,0.50036,0.27399,0.50156,1.40283
6.705,0.81883,0.37789,0.11451,0.31595,1.2167
6.701,0.70835,0.48927,0.08423,0.2418,1.18306
6.65,0.69711,0.42284,0.07296,0.10989,1.15137
6.596,0.76376,0.41418,0.03986,0.09929,1.30915
6.573,0.72993,0.56215,0.35561,0.26591,1.57352
6.545,0.72183,0.54388,0.21394,0.18056,1.18157
6.488,0.80315,0.54994,0.17554,0.56237,1.30782
6.481,0.59659,0.44735,0.05399,0.15626,1.03032
6.478,0.83795,0.46562,0.17808,0.1216,1.39488
6.474,0.64915,0.49553,0.02833,0.58696,1.0893
6.379,0.59267,0.37904,0.30008,0.15457,1.48953
6.379,0.79565,0.32377,0.0663,0.25495,1.39729
6.375,0.71723,0.56679,0.48049,0.32388,1.82427
6.361,0.87896,0.37545,0.06137,0.17665,1.34253
6.355,0.61804,0.21006,0.16157,0.07044,1.05266
6.324,0.54039,0.50379,0.08701,0.28808,0.83454
6.269,0.50933,0.52234,0.12692,0.16665,1.09686
6.239,0.63569,0.43166,0.23669,0.15965,1.61714
6.218,0.65696,0.47375,0.25772,0.17147,1.44024
6.168,0.52608,0.48453,0.01241,0.31935,1.32572
6.084,0.61904,0.19847,0.08304,0.0425,1.13367
6.078,0.70367,0.23391,0.02947,0.13837,1.27973
6.068,0.596,0.37269,0.10613,0.08877,0.8737
6.005,0.62366,0.39031,0.09081,0.41474,1.25142
5.992,0.65213,0.46582,0.16292,0.29773,0.69384
5.987,0.50163,0.60848,0.28333,0.34326,0.73591
5.977,0.85102,0.18827,0.02556,0.16684,1.35495
5.976,0.68613,0.4027,0.18037,0.10074,0.97306
5.956,0.45569,0.51231,0.10771,0.23684,0.87616
5.921,0.91491,0.46761,0.18985,0.10224,1.38007
5.919,0.57386,0.4052,0.11132,0.15011,1.22943
5.897,0.52309,0.25202,0.01903,0.19997,0.69177
5.856,0.58991,0.32682,0.03586,0.02736,1.23228
5.835,0.69058,0.4519,0.055,0.14443,1.24585
5.835,0.88645,0.25168,0.07716,0.18824,1.35948
5.822,0.4697,0.50961,0.07746,0.21698,0.79422
5.813,0.64674,0.18929,0.0182,0.02025,1.2692
5.802,0.63104,0.29091,0.17457,0.13942,1.13062
5.771,0.84142,0.43596,0.16578,0.26322,1.31141
5.768,0.79151,0.53164,0.03635,0.25738,1.29947
5.743,0.62994,0.37502,0.05292,0.14527,0.99602
5.658,0.44006,0.37408,0.28467,0.22567,1.08017
5.648,0.66189,0.46145,0.05203,0.36951,1.14372
5.615,0.52304,0.40672,0.10339,0.17087,1.06688
5.56,0.63952,0.27996,0.0889,0.17445,1.21788
5.546,0.8488,0.29507,0.05228,0.27906,1.31857
5.538,0.58295,0.46235,0.07396,0.25296,0.89373
5.528,0.67602,0.36712,0.00679,0.12889,1.1697
5.517,0.68098,0.41511,0.18519,0.08423,1.27964
5.51,0.59469,0.43597,0.04294,0.22245,0.89333
5.488,0.70524,0.23907,0.04002,0.18434,1.18649
5.458,0.95277,0.48079,0.31647,0.40097,1.5107
5.44,0.11466,0.56778,0.3118,0.27225,0
5.401,0.54,0.14396,0.06547,0.27992,0.90145
5.389,0.64718,0.23889,0.12348,0.04707,1.16492
5.314,0.49374,0.39237,0.00322,0.56521,0.95104
5.303,0.60712,0.36023,0.13297,0.14262,0.99673
5.291,0.54504,0.35327,0.17914,0.0564,1.12373
5.279,0.47036,0.54854,0.11757,0.21674,0.81217
5.245,0.73561,0.44012,0.02745,0.04959,1.0278
5.196,0.49759,0.46074,0.1616,0.48546,0.8527
5.185,0.55449,0.40212,0.04762,0.38432,0.56044
5.177,0.6458,0.15718,0.04339,0.20737,1.03437
5.163,0.70766,0.09511,0,0.29889,0.93383
5.161,0.63533,0.15111,0.12721,0.17191,1.07838
5.155,0.57669,0.52259,0.12372,0.21286,1.02787
5.151,0.59471,0.25646,0.08404,0.04053,0.84058
5.145,0.67608,0.1977,0.04472,0.099,1.24142
5.132,0.40306,0.14622,0.1388,0.31185,0.68816
5.129,0.76171,0.26228,0.03061,0.23693,1.12268
5.123,0.79363,0.44727,0.01521,0.11691,1.27607
5.121,0.64738,0.27668,0.07047,0.23507,1.0193
5.061,0.66157,0.55954,0.11556,0.25075,0.74037
5.057,0.33108,0.3913,0.36794,0.51479,0.25558
5.045,0.59577,0.23553,0.0817,0.03936,0.97724
5.033,0.80029,0.05822,0.04127,0,1.24886
4.996,0.53119,0.43408,0.13509,0.25998,0.48835
4.907,0.55469,0.35972,0.03285,0.34539,0.98853
4.876,0.38291,0.52168,0.22423,0.43079,0.68042
4.875,0.05108,0.27854,0.0305,0.23219,0.75216
4.871,0.58383,0.26755,0.06906,0.2044,0.69429
4.813,0.64232,0.22544,0.0557,0.38538,1.11758
4.795,0.23573,0.42662,0.11479,0.17866,0.61202
4.793,0.50073,0.37012,0.07008,0.3816,0.44626
4.754,0.56844,0.17744,0.10613,0.11154,0.67024
4.655,0.73007,0.31866,0.05301,0.1684,0.9553
4.643,0.52989,0.39778,0.12583,0.19132,0.54177
4.635,0,0.30685,0.08196,0.23897,0.36485
4.575,0.51076,0.24856,0.13636,0.19589,1.07474
4.574,0.34745,0.48614,0.10398,0.07795,0.93287
4.513,0.12698,0.42736,0.06126,0.2268,0.52497
4.508,0.34578,0.36703,0.1717,0.29522,0.29283
4.459,0.18611,0.42483,0.08415,0.13656,1.02416
4.415,0.62007,0.50817,0.07964,0.46978,0.97318
4.404,0.45091,0.40285,0.08722,0.25028,0.74036
4.395,0.3988,0.42692,0.20243,0.81971,0.34112
4.362,0.52116,0.18847,0.10393,0.12706,0.95395
4.36,0.64083,0.14037,0.03616,0.07793,0.86086
4.356,0.30147,0.40576,0.06686,0.41328,0.52267
4.324,0.58628,0.12859,0.01829,0.20363,0.87287
4.276,0.29681,0.40973,0.0326,0.21203,0.63107
4.272,0.188,0.15602,0.06075,0.25458,0.05661
4.252,0.64035,0.32461,0.3188,0.06786,0.83792
4.236,0.28212,0.37938,0.09753,0.12077,0.77109
4.219,0.40457,0.31056,0.11681,0.19103,0.44314
4.217,0.67806,0.21219,0.00615,0.12793,1.11306
4.201,0.28639,0.1268,0.17955,0.22686,0.61391
4.193,0.1595,0.25429,0.08582,0.18503,0.35041
4.156,0.29364,0.4143,0.07564,0.30968,0.08709
4.139,0.29759,0,0.10039,0.18077,0.63069
4.121,0.3494,0.28098,0.09314,0.06244,1.15851
4.073,0.16347,0.27544,0.13647,0.21064,0.31292
4.028,0.27494,0.12072,0.14476,0.47958,0.34097
3.974,0.34752,0.44089,0.10769,0.12425,1.09426
3.956,0.29981,0.15412,0.18437,0.1827,0.27509
3.916,0.04476,0.40663,0.1553,0.20338,0.55507
3.907,0.42494,0.58852,0.08092,0.40339,0.55604
3.866,0.04991,0.00589,0.08434,0.12071,0.84731
3.856,0.26162,0.38041,0.17176,0.2097,0.1327
3.832,0.15781,0.19662,0.13015,0.25899,0.39394
3.763,0.03824,0.12807,0.04952,0.18667,0.42214
3.739,0.21297,0.3337,0.12533,0.24353,0.31995
3.739,0.19625,0.43653,0.06442,0.27102,0.34719
3.724,0.31048,0.2287,0.05892,0.09821,0.57939
3.695,0.37109,0.13684,0.07506,0.2204,0.27954
3.666,0.357,0.3176,0.05099,0.31472,0.47155
3.622,0.23165,0.25748,0.04852,0.24063,0.10706
3.607,0.18829,0.30953,0.1192,0.29914,0.22415
3.515,0.31865,0.5432,0.50521,0.23552,0.32846
3.484,0.21028,0.39747,0.06681,0.2018,0.39499
3.36,0.17344,0.1643,0.07112,0.31268,0.38227
3.303,0.24811,0.34678,0.11587,0.17517,0.28123
3.069,0.62994,0.06912,0.17233,0.48397,0.74719
2.905,0.15747,0.0432,0.09419,0.2029,0.06831
7.53700017929077,0.796666502952576,0.635422587394714,0.315963834524155,0.362012237310,1.6164631843566941
7.52199983596802,0.792565524578094,0.626006722450256,0.40077006816864,0.355280488729,1.48238301277161477
7.50400018692017,0.833552122116089,0.627162635326385,0.153526559472084,0.475540220737,1.480633020401457
7.49399995803833,0.858131289482117,0.620070576667786,0.367007285356522,0.290549278259,1.56497955322266277
7.4689998626709,0.80915766954422,0.617950856685638,0.38261154294014,0.24548277258873,1.44357192516327
7.3769998550415,0.810696125030518,0.585384488105774,0.282661825418472,0.470489829778671,1.50394463539124
7.31599998474121,0.83455765247345,0.611100912094116,0.287371516227722,0.435539722442627,1.47920441627502
7.31400012969971,0.816759705543518,0.614062130451202,0.382816702127457,0.500005125999451,1.40570604801178
7.28399991989136,0.830875158309937,0.612924098968506,0.384398728609085,0.385399252176285,1.49438726902008
7.28399991989136,0.84388679265976,0.601607382297516,0.301183730363846,0.477699249982834,1.484414935112
7.21299982070923,0.83840399980545,0.405988603830338,0.0852421000599861,0.330082654953003,1.37538242340088
7.0789999961853,0.759509265422821,0.580131649971008,0.100106589496136,0.214613229036331,1.10970628261566
7.00600004196167,0.815328419208527,0.567766189575195,0.221060365438461,0.316472321748734,1.48709726333618
6.99300003051758,0.77428662776947,0.505740523338318,0.135638788342476,0.392578780651093,1.54625928401947
6.97700023651123,0.80978262424469,0.573110342025757,0.29838815331459,0.42785832285881,1.53570663928986
6.95100021362305,0.798950731754303,0.562511384487152,0.276731938123703,0.336269170045853,1.48792338371277
6.89099979400635,0.818091869354248,0.539770722389221,0.251343131065369,0.231503337621689,1.46378076076508
6.86299991607666,0.845089495182037,0.59662789106369,0.31883442401886,0.283180981874466,1.74194359779358
6.71400022506714,0.805335938930511,0.508190035820007,0.265428066253662,0.492774158716202,1.44163393974304
6.65199995040894,0.819479703903198,0.376895278692245,0.0822879821062088,0.326662421226501,1.25278460979462
6.64799976348877,0.726798236370087,0.60834527015686,0.324489563703537,0.3609419465065,1.62634336948395
6.63500022888184,0.616552352905273,0.437453746795654,0.111092761158943,0.16234989464283,1.10735321044922
6.60900020599365,0.754444003105164,0.490946173667908,0.0368729270994663,0.0881067588925362,1.35268235206604
6.59899997711182,0.695137083530426,0.494519203901291,0.059739887714386,0.109457060694695,1.18529546260834
6.57800006866455,0.709978997707367,0.412730008363724,0.132774114608765,0.120990432798862,1.15318381786346
6.57200002670288,0.949492394924164,0.549840569496155,0.46430778503418,0.345965981483459,1.69227766990662
6.52699995040894,0.821944236755371,0.588767051696777,0.153066068887711,0.574730575084686,1.34327983856201
6.4539999961853,0.719216823577881,0.57939225435257,0.178061872720718,0.175096929073334,1.21755969524384
6.4539999961853,0.540239989757538,0.531310617923737,0.0772232785820961,0.283488392829895,0.872001945972443
6.4520001411438,0.706156134605408,0.550026834011078,0.070983923971653,0.21055693924427,1.23374843597412
6.44199991226196,0.844465851783752,0.470222115516663,0.172502428293228,0.129762306809425,1.43092346191406
6.42399978637695,0.647239029407501,0.580200731754303,0.0316127352416515,0.572123110294342,1.12786877155304
6.42199993133545,0.793984234333038,0.361466586589813,0.0638292357325554,0.258360475301743,1.43362653255463
6.40299987792969,0.888960599899292,0.408781230449677,0.0709140971302986,0.190133571624756,1.38439786434174
6.375,0.710098087787628,0.604130983352661,0.439299255609512,0.330473870038986,1.87076568603516
6.35699987411499,0.595027923583984,0.477487415075302,0.0466687418520451,0.149014472961426,1.07062232494354
6.3439998626709,0.590148329734802,0.449750572443008,0.27343225479126,0.147616013884544,1.53062355518341
6.16800022125244,0.519983291625977,0.518630743026733,0.00896481610834599,0.325296461582184,1.36135590076447
6.10500001907349,0.632105708122253,0.496337592601776,0.215159550309181,0.228289797902107,1.63295245170593
6.09800004959106,0.712732911109924,0.295817464590073,0.0242108516395092,0.136544480919838,1.32539355754852
6.08699989318848,0.653133034706116,0.536746919155121,0.257042169570923,0.172668486833572,1.48841226100922
6.08400011062622,0.618784427642822,0.402264982461929,0.0656007081270218,0.416608929634094,1.29121541976929
6.07100009918213,0.653095960617065,0.447551846504211,0.130687981843948,0.301674216985703,0.737299203872681
6.00799989700317,0.685636222362518,0.4551981985569,0.140134647488594,0.150112465023994,1.00082039833069
6.00299978256226,0.596018552780151,0.432452529668808,0.0899809598922729,0.0782579854130745,0.909784495830536
5.97300004959106,0.699475347995758,0.520342111587524,0.0593078061938286,0.158465966582298,1.29178786277771
5.97100019454956,0.498272627592087,0.658248662948608,0.246528223156929,0.415983647108078,0.786441087722778
5.96400022506714,0.853144347667694,0.256450712680817,0.0280280914157629,0.17278964817524,1.39506661891937
5.96299982070923,0.547349333763123,0.373783111572266,0.0329628810286522,0.0522638224065304,1.28177809715271
5.95599985122681,0.450191766023636,0.547509372234344,0.0965810716152191,0.240015640854836,0.907975316047668
5.92000007629395,0.913475871086121,0.505625545978546,0.163760736584663,0.12057276815176,1.41691517829895
5.90199995040894,0.62894994020462,0.234231784939766,0.0118656428530812,0.010164656676352,1.31458234786987
5.87200021743774,0.617584645748138,0.233335807919502,0.146096110343933,0.0694366469979286,1.09186446666718
5.84999990463257,0.638566970825195,0.325707912445068,0.0738427266478539,0.153074786067009,1.26074862480164
5.83799982070923,0.900214076042175,0.257921665906906,0.0632826685905457,0.206674367189407,1.40167844295502
5.83799982070923,0.589465200901031,0.240729048848152,0.0100912861526012,0.208779126405716,0.728870630264282
5.82499980926514,0.685158312320709,0.457003742456436,0.00438790069893003,0.133519917726517,1.21768391132355
5.82299995422363,0.473630249500275,0.558732926845551,0.0604777261614799,0.22556072473526,0.833756566047668
5.82200002670288,0.437726080417633,0.41827192902565,0.259270340204239,0.24992498755455,1.13077676296234
5.81899976730347,0.606041550636292,0.437454283237457,0.119282886385918,0.201964423060417,1.28455626964569
5.80999994277954,0.834647238254547,0.471203625202179,0.155353352427483,0.266845703125,1.3469113111496
5.75799989700317,0.790828227996826,0.572575807571411,0.0451289787888527,0.242649093270302,1.3412059545517
5.71500015258789,0.630166113376617,0.450002878904343,0.0470490865409374,0.126819714903831,1.03522527217865
5.62900018692017,0.638007462024689,0.491247326135635,0.0421815551817417,0.360933750867844,1.18939554691315
5.62099981307983,0.84471470117569,0.355111539363861,0.0412379764020443,0.271254301071167,1.35593807697296
5.61100006103516,0.695168316364288,0.479131430387497,0.183248922228813,0.0988908112049103,1.32087934017181
5.56899976730347,0.637714266777039,0.295400261878967,0.156313821673393,0.15513750910759,1.15655755996704
5.52500009536743,0.520169019699097,0.465733230113983,0.0926102101802826,0.152073666453362,1.10180306434631
5.5,0.637605607509613,0.300740599632263,0.0996715798974037,0.0466930419206619,1.19827437400818
5.49300003051758,0.579250693321228,0.473507791757584,0.091065913438797,0.224150657653809,0.932537317276001
5.47200012207031,0.943062424659729,0.490968644618988,0.293933749198914,0.374465793371201,1.55167484283447
5.42999982833862,0.468009054660797,0.585214674472809,0.0993318930268288,0.193513423204422,0.85769921541214
5.39499998092651,0.65078467130661,0.208715528249741,0.0409037806093693,0.220125883817673,1.06931757926941
5.33599996566772,0.604590058326721,0.418421149253845,0.11980327218771,0.172170460224152,0.991012394428253
5.32399988174438,0.687763452529907,0.175863519310951,0.0366369374096394,0.0784016624093056,1.2860119342804
5.31099987030029,0.641022384166718,0.474307239055634,0.0552677810192108,0.233818337321281,0.925579309463501
5.29300022125244,0.701288521289825,0.255772292613983,0.0431031100451946,0.248002976179123,1.22255623340607
5.27899980545044,0.541452050209045,0.260287940502167,0.0574716180562973,0.319931447505951,0.951484382152557
5.27299976348877,0.741415500640869,0.472787708044052,0.0227942746132612,0.0288068410009146,1.08116579055786
5.26900005340576,0.402047783136368,0.23521526157856,0.124348066747189,0.315446019172668,0.72688353061676
5.26200008392334,0.492345720529556,0.443323463201523,0.0153171354904771,0.611704587936401,0.995538592338562
5.25,0.617144227027893,0.153997123241425,0.0644911229610443,0.0650196298956871,1.12843120098114
5.23699998855591,0.667464673519135,0.194989055395126,0.0881741940975189,0.197911024093628,1.12112903594971
5.2350001335144,0.59771066904068,0.408158332109451,0.0877631828188896,0.0322099551558495,0.878114581108093
5.23400020599365,0.540775775909424,0.398155838251114,0.180987507104874,0.0452693402767181,1.15360176563263
5.23000001907349,0.574873745441437,0.55258983373642,0.113945253193378,0.186967849731445,1.07937383651733
5.22700023651123,0.810198903083801,0.0957312509417534,0.04328977689147,0,1.28948748111725
5.22499990463257,0.735081076622009,0.288515985012054,0.037513829767704,0.264450758695602,1.07498753070831
5.19500017166138,0.795843541622162,0.498465299606323,0.0158694516867399,0.0951027125120163,1.3151752948761
5.18200016021729,0.705186307430267,0.204403176903725,0,0.328867495059967,0.982409417629242
5.18100023269653,0.582569479942322,0.348079860210419,0.0733454525470734,0.236188873648643,0.730573117733002
5.17500019073486,0.644948184490204,0.325905978679657,0.0602777935564518,0.25376096367836,1.06457793712616
5.15100002288818,0.113989137113094,0.602126955986023,0.282410323619843,0.291631311178207,0.0226431842893362
5.07399988174438,0.652168989181519,0.571055591106415,0.0876332372426987,0.234968051314354,0.788547575473785
5.07399988174438,0.0569157302379608,0.394952565431595,0.0261215660721064,0.230947196483612,0.783756256103516
5.04099988937378,0.529235124588013,0.471566706895828,0.146377146244049,0.248997643589973,0.524713635444641
5.01100015640259,0.495879292488098,0.501537680625916,0.173380389809608,0.474054545164108,0.885416388511658
5.00400018692017,0.553457796573639,0.454943388700485,0.0394391790032387,0.42858037352562,0.596220076084137
4.96199989318848,0.504130780696869,0.440305948257446,0.0729755461215973,0.394096165895462,0.479820191860199
4.95499992370605,0.557783484458923,0.394143968820572,0.0329022891819477,0.338464230298996,1.02723586559296
4.8289999961853,0.187080070376396,0.479246735572815,0.0725094974040985,0.139362379908562,1.05469870567322
4.80499982833862,0.613212049007416,0.289680689573288,0.0867231488227844,0.0496933571994305,1.00726580619812
4.77500009536743,0.565666973590851,0.25471106171608,0.0892826020717621,0.114173173904419,0.716249227523804
4.7350001335144,0.520187258720398,0.282110154628754,0.114381365478039,0.128631442785263,0.989701807498932
4.71400022506714,0.708217680454254,0.289231717586517,0.0110515309497714,0.113177694380283,1.1614590883255
4.70900011062622,0.00556475389748812,0.318697690963745,0.0710951760411263,0.293040901422501,0.36842092871666
4.69500017166138,0.132892116904259,0.430388748645782,0.0513066314160824,0.236298456788063,0.564305365085602
4.69199991226196,0.639333188533783,0.249322608113289,0.048761073499918,0.387242913246155,1.15687310695648
4.64400005340576,0.731159746646881,0.381498634815216,0.0398642159998417,0.201312944293022,0.996192753314972
4.60799980163574,0.533241033554077,0.478356659412384,0.123717859387398,0.172255352139473,0.586682975292206
4.57399988174438,0.33861181139946,0.520303547382355,0.0931469723582268,0.0771337449550629,0.964434325695038
4.55299997329712,0.309988349676132,0.452763766050339,0.0646413192152977,0.444860309362411,0.560479462146759
4.55000019073486,0.106654435396194,0.480791091918945,0.179436385631561,0.322228103876114,0.234305649995804
4.54500007629395,0.397522568702698,0.514492034912109,0.188816204667091,0.838075160980225,0.367110550403595
4.53499984741211,0.409362852573395,0.377922266721725,0.115460447967052,0.183468893170357,0.479309022426605
4.51399993896484,0.257835894823074,0.461603492498398,0.0782135501503944,0.249580144882202,0.636406779289246
4.49700021743774,0.501180469989777,0.288555532693863,0.107215754687786,0.19963726401329,1.10271048545837
4.46500015258789,0.356578588485718,0.312328577041626,0.0760467872023582,0.0437853783369064,1.1982102394104
4.46000003814697,0.353409707546234,0.408842742443085,0.165455713868141,0.312650740146637,0.339233845472336
4.44000005722046,0.625130832195282,0.561213254928589,0.0736539661884308,0.490863561630249,1.00985014438629
4.37599992752075,0.637524425983429,0.198303267359734,0.0266744215041399,0.0834880918264389,0.900596737861633
4.31500005722046,0.455427616834641,0.469987004995346,0.0922268852591515,0.231538489460945,0.792221248149872
4.29199981689453,0.285349279642105,0.0960980430245399,0.136957004666328,0.201870024204254,0.648457288742065
4.29099988937378,0.28995743393898,0.435025870800018,0.0796181336045265,0.120852127671242,0.808964252471924
4.28599977493286,0.649546980857849,0.309410035610199,0.251666635274887,0.0540088154375553,0.950612664222717
4.28000020980835,0.191407024860382,0.235961347818375,0.0602413564920425,0.246455833315849,0.0921023488044739
4.19000005722046,0.169365674257278,0.306613743305206,0.104970246553421,0.183354198932648,0.476180493831635
4.17999982833862,0.0486421696841717,0.447706192731857,0.130061775445938,0.201237469911575,0.603048920631409
4.16800022125244,0.429783403873444,0.633375823497772,0.0681059509515762,0.385922968387604,0.601765096187592
4.13899993896484,0.290920823812485,0.0149958552792668,0.089847519993782,0.182317450642586,0.65951669216156
4.11999988555908,0.295637726783752,0.423026293516159,0.0253363698720932,0.256923943758011,0.667224824428558
4.09600019454956,0.575903952121735,0.122974775731564,0.0230294708162546,0.270061463117599,0.89465194940567
4.08099985122681,0.217632606625557,0.443185955286026,0.057069718837738,0.325766056776047,0.381430715322495
4.03200006484985,0.215844258666039,0.324367851018906,0.120328105986118,0.250864684581757,0.3502277135849
4.02799987792969,0.26850500702858,0.36365869641304,0.138572946190834,0.228673845529556,0.161925330758095
3.97000002861023,0.315089583396912,0.466914653778076,0.0727116540074348,0.287170469760895,0.233442038297653
3.93600010871887,0.0411347150802612,0.16234202682972,0.0535818822681904,0.216113850474358,0.438012987375259
3.875,0.196763753890991,0.336384207010269,0.0953753814101219,0.189143493771553,0.375846534967422
3.80800008773804,0,0.390661299228668,0.119094640016556,0.157497271895409,0.521021246910095
3.79500007629395,0.0498686656355858,0,0.0697203353047371,0.097926490008831,0.858428180217743
3.79399991035461,0.180746778845787,0.106179520487785,0.0611578300595284,0.311870932579041,0.401477217674255
3.76600003242493,0.341755509376526,0.505196332931519,0.0985831990838051,0.0993484482169151,1.12209415435791
3.65700006484985,0.209930211305618,0.425962775945663,0.0609290152788162,0.207948461174965,0.431085407733917
3.64400005340576,0.375223308801651,0.189196765422821,0.0672319754958153,0.208732530474663,0.305808693170547
3.6029999256134,0.277321130037308,0.0303698573261499,0.0998721495270729,0.489203780889511,0.368610262870789
3.59299993515015,0.310080915689468,0.249463722109795,0.0567674227058887,0.104125209152699,0.591683447360992
3.59100008010864,0.163486003875732,0.147062435746193,0.116793513298035,0.285670816898346,0.39724862575531
3.53299999237061,0.229918196797371,0.332881182432175,0.0389482490718365,0.26654988527298,0.119041793048382
3.50699996948242,0.194129139184952,0.348587512969971,0.110937617719173,0.264815092086792,0.244549930095673
3.49499988555908,0.247105568647385,0.38042613863945,0.0956650152802467,0.196896150708199,0.305444717407227
3.47099995613098,0.326424807310104,0.581843852996826,0.455220013856888,0.252756029367447,0.368745893239975
3.46199989318848,0.50053334236145,0.0815394446253777,0.151347130537033,0.493663728237152,0.777153134346008
3.34899997711182,0.364509284496307,0.390017777681351,0.0660351067781448,0.354256361722946,0.511135876178741
2.90499997138977,0.151610791683197,0.0599007532000542,0.0841479450464249,0.204435184597969,0.091622568666935
2.69300007820129,0.0187726859003305,0.270842045545578,0.0565650761127472,0.280876487493515,0
7.632,0.874,0.681,0.393,0.202,1.305
7.594,0.861,0.686,0.340,0.286,1.456
7.555,0.868,0.683,0.408,0.284,1.351
7.495,0.914,0.677,0.138,0.353,1.343
7.487,0.927,0.660,0.357,0.256,1.420
7.441,0.878,0.638,0.295,0.333,1.361
7.328,0.896,0.653,0.291,0.321,1.330
7.324,0.876,0.669,0.389,0.365,1.268
7.314,0.913,0.659,0.383,0.285,1.355
7.272,0.910,0.647,0.302,0.361,1.340
7.190,0.888,0.464,0.082,0.262,1.244
7.139,0.891,0.617,0.224,0.242,1.341
7.072,0.817,0.632,0.101,0.143,1.010
6.977,0.876,0.614,0.306,0.307,1.448
6.965,0.861,0.586,0.280,0.273,1.340
6.927,0.894,0.583,0.240,0.188,1.324
6.910,0.896,0.632,0.321,0.196,1.576
6.886,0.819,0.547,0.133,0.291,1.398
6.814,0.883,0.533,0.272,0.354,1.301
6.774,0.670,0.284,0,0.186,2.096
6.711,0.854,0.543,0.034,0.064,1.233
6.627,0.884,0.645,0.142,0.376,1.270
6.489,0.908,0.520,0.176,0.098,1.293
6.488,0.761,0.479,0.095,0.069,1.038
6.476,0.808,0.431,0.061,0.197,1.131
6.441,0.857,0.418,0.078,0.151,1.365
6.430,0.759,0.597,0.063,0.125,1.112
6.419,0.675,0.493,0.088,0.110,0.986
6.388,0.744,0.570,0.054,0.062,1.073
6.382,0.608,0.604,0.071,0.179,0.781
6.379,0.771,0.625,0.155,0.130,1.093
6.374,0.748,0.654,0.171,0.256,1.649
6.371,0.633,0.509,0.127,0.098,1.379
6.343,1.008,0.631,0.457,0.261,1.529
6.322,0.669,0.356,0.059,0.311,1.161
6.310,0.965,0.449,0.074,0.142,1.251
6.260,0.635,0.531,0.039,0.099,0.960
6.192,0.564,0.575,0.019,0.171,1.223
6.173,0.776,0.354,0.014,0.118,1.210
6.167,0.639,0.461,0.082,0.065,0.806
6.141,0.700,0.527,0.128,0.208,0.668
6.123,0.781,0.546,0.064,0.108,1.176
6.105,0.698,0.594,0.123,0.243,1.338
6.096,0.605,0.724,0.259,0.328,0.719
6.083,0.675,0.554,0.106,0.167,1.474
6.072,0.707,0.637,0.029,0.364,1.016
6.000,0.946,0.281,0.028,0.137,1.264
5.973,0.736,0.556,0.120,0.114,0.889
5.956,0.474,0.593,0.089,0.183,0.807
5.952,0.716,0.350,0.006,0.026,1.197
5.948,0.856,0.633,0.051,0.160,1.219
5.945,0.726,0.528,0.001,0.088,1.116
5.933,0.671,0.363,0.066,0.092,1.148
5.915,0.988,0.553,0.150,0.079,1.294
5.891,0.684,0.584,0.050,0.245,1.090
5.890,0.693,0.575,0.031,0.096,0.819
5.875,0.955,0.244,0.051,0.175,1.266
5.835,0.909,0.495,0.154,0.179,1.229
5.810,0.599,0.399,0.025,0.065,1.151
5.790,0.631,0.454,0.121,0.148,1.143
5.762,0.909,0.423,0.035,0.202,1.229
5.752,0.508,0.606,0.054,0.141,0.751
5.739,0.737,0.553,0.174,0.086,1.200
5.681,0.615,0.541,0.074,0.162,0.835
5.663,0.674,0.530,0.034,0.092,0.934
5.662,0.578,0.448,0.023,0.274,0.855
5.640,0.620,0.232,0.000,0.171,0.657
5.636,0.517,0.417,0.037,0.199,1.016
5.620,0.732,0.259,0.022,0.061,1.171
5.566,0.553,0.496,0.148,0.116,0.985
5.524,0.513,0.643,0.105,0.120,0.775
5.504,0.622,0.459,0.074,0.197,0.620
5.483,0.700,0.307,0.154,0.101,1.039
5.483,0.686,0.324,0.109,0.106,1.148
5.472,0.424,0.334,0.113,0.216,0.652
5.430,1.030,0.524,0.291,0.246,1.405
5.410,0.884,0.562,0.017,0.055,1.188
5.398,0.685,0.288,0.043,0.134,0.975
5.358,0.879,0.131,0.044,0.000,1.154
5.358,0.785,0.503,0.136,0.214,0.965
5.347,0.729,0.259,0.081,0.111,1.017
5.321,0.737,0.380,0.039,0.120,1.115
5.302,0.614,0.578,0.106,0.120,0.982
5.295,0.687,0.077,0.135,0.055,0.979
5.254,0.669,0.460,0.074,0.026,0.779
5.246,0.799,0.597,0.103,0.029,0.989
5.201,0.603,0.430,0.176,0.031,1.024
5.199,0.598,0.292,0.034,0.187,0.474
5.185,0.691,0.394,0.052,0.173,0.959
5.161,0.645,0.468,0.134,0.130,0.822
5.155,0.048,0.462,0.032,0.201,0.689
5.131,0.594,0.540,0.035,0.281,0.530
5.129,0.758,0.280,0.000,0.216,0.915
5.125,0.575,0.395,0.032,0.253,0.914
5.103,0.702,0.618,0.079,0.177,0.715
5.093,0.522,0.538,0.018,0.484,0.899
5.082,0.527,0.541,0.171,0.364,0.796
4.982,0.115,0.674,0.282,0.238,0.000
4.975,0.182,0.454,0.043,0.183,0.535
4.933,0.712,0.359,0.009,0.064,1.054
4.880,0.539,0.526,0.078,0.302,0.425
4.806,0.657,0.133,0.052,0.056,0.996
4.758,0.404,0.356,0.052,0.032,1.036
4.743,0.602,0.266,0.076,0.086,0.642
4.724,0.330,0.516,0.056,0.103,0.940
4.707,0.691,0.459,0.129,0.282,1.059
4.671,0.080,0.467,0.103,0.146,0.541
4.657,0.337,0.499,0.029,0.212,0.592
4.631,0.433,0.406,0.082,0.138,0.429
4.623,0.441,0.626,0.174,0.230,0.720
4.592,0.690,0.271,0.063,0.040,0.900
4.586,0.790,0.419,0.032,0.149,0.916
4.571,0.000,0.355,0.053,0.238,0.256
4.559,0.343,0.514,0.077,0.091,0.682
4.500,0.579,0.580,0.144,0.153,0.532
4.471,0.672,0.585,0.050,0.307,0.918
4.456,0.536,0.304,0.095,0.148,1.010
4.447,0.152,0.367,0.056,0.139,0.370
4.441,0.365,0.519,0.064,0.051,0.874
4.433,0.457,0.696,0.065,0.256,0.549
4.424,0.254,0.312,0.128,0.175,0.314
4.419,0.553,0.312,0.107,0.092,0.885
4.417,0.173,0.531,0.158,0.206,0.198
4.410,0.454,0.504,0.055,0.352,0.493
4.377,0.295,0.503,0.082,0.221,0.562
4.356,0.292,0.129,0.093,0.134,0.557
4.350,0.391,0.452,0.146,0.220,0.308
4.340,0.643,0.375,0.215,0.038,0.853
4.321,0.666,0.260,0.028,0.077,0.816
4.308,0.429,0.580,0.178,0.598,0.682
4.301,0.053,0.189,0.060,0.181,0.358
4.245,0.204,0.312,0.052,0.197,0.069
4.190,0.485,0.539,0.093,0.172,0.721
4.166,0.221,0.390,0.099,0.175,0.131
4.161,0.237,0.450,0.061,0.259,0.322
4.141,0.240,0.440,0.067,0.163,0.378
4.139,0.312,0.016,0.082,0.134,0.605
4.103,0.609,0.163,0.011,0.187,0.793
3.999,0.253,0.434,0.101,0.158,0.259
3.964,0.211,0.394,0.094,0.185,0.344
3.808,0.079,0.423,0.112,0.116,0.472
3.795,0.269,0.000,0.061,0.079,0.730
3.774,0.402,0.221,0.049,0.155,0.262
3.692,0.248,0.406,0.099,0.132,0.357
3.632,0.255,0.085,0.036,0.191,0.332
3.590,0.417,0.557,0.092,0.042,1.017
3.587,0.306,0.531,0.080,0.210,0.186
3.582,0.289,0.025,0.104,0.392,0.315
3.495,0.267,0.419,0.030,0.206,0.076
3.462,0.539,0.088,0.144,0.376,0.689
3.408,0.400,0.636,0.444,0.200,0.332
3.355,0.343,0.244,0.064,0.083,0.442
3.303,0.381,0.481,0.097,0.270,0.455
3.254,0.177,0.112,0.106,0.224,0.337
3.083,0.010,0.305,0.038,0.218,0.024
2.905,0.145,0.065,0.076,0.149,0.091
7.769,0.986,0.596,0.393,0.153,1.340
7.600,0.996,0.592,0.410,0.252,1.383
7.554,1.028,0.603,0.341,0.271,1.488
7.494,1.026,0.591,0.118,0.354,1.380
7.488,0.999,0.557,0.298,0.322,1.396
7.480,1.052,0.572,0.343,0.263,1.452
7.343,1.009,0.574,0.373,0.267,1.387
7.307,1.026,0.585,0.380,0.330,1.303
7.278,1.039,0.584,0.308,0.285,1.365
7.246,1.016,0.532,0.226,0.244,1.376
7.228,1.036,0.557,0.290,0.332,1.372
7.167,0.963,0.558,0.093,0.144,1.034
7.139,1.029,0.371,0.082,0.261,1.276
7.090,1.012,0.526,0.316,0.194,1.609
7.054,0.996,0.450,0.278,0.348,1.333
7.021,0.999,0.516,0.310,0.298,1.499
6.985,0.987,0.495,0.265,0.261,1.373
6.923,0.986,0.473,0.210,0.160,1.356
6.892,0.874,0.454,0.128,0.280,1.433
6.852,0.920,0.457,0.036,0.046,1.269
6.825,0.825,0.598,0.182,0.262,1.503
6.726,0.999,0.564,0.151,0.375,1.300
6.595,0.861,0.433,0.073,0.074,1.070
6.592,1.045,0.436,0.183,0.111,1.324
6.446,0.914,0.351,0.097,0.242,1.368
6.444,0.920,0.357,0.056,0.187,1.159
6.436,0.746,0.535,0.078,0.175,0.800
6.375,0.795,0.439,0.132,0.080,1.403
6.374,0.871,0.555,0.167,0.220,1.684
6.354,1.062,0.362,0.079,0.153,1.286
6.321,0.910,0.516,0.054,0.109,1.149
6.300,0.802,0.390,0.086,0.099,1.004
6.293,0.891,0.523,0.150,0.127,1.124
6.262,1.141,0.556,0.453,0.271,1.572
6.253,0.789,0.430,0.074,0.093,0.794
6.223,1.039,0.231,0.030,0.158,1.294
6.199,0.871,0.536,0.110,0.255,1.362
6.198,0.881,0.334,0.014,0.121,1.246
6.192,0.713,0.489,0.016,0.185,1.231
6.182,0.884,0.483,0.050,0.117,1.206
6.174,0.756,0.631,0.240,0.322,0.745
6.149,0.818,0.291,0.042,0.043,1.238
6.125,0.841,0.470,0.034,0.099,0.985
6.118,0.953,0.564,0.057,0.144,1.258
6.105,0.835,0.435,0.127,0.200,0.694
6.100,0.758,0.489,0.006,0.262,0.882
6.086,0.881,0.471,0.050,0.066,1.092
6.070,0.825,0.462,0.005,0.083,1.162
6.046,1.042,0.406,0.041,0.190,1.263
6.028,0.868,0.498,0.087,0.126,0.912
6.021,0.808,0.493,0.097,0.142,1.500
6.008,0.828,0.557,0.028,0.359,1.050
5.940,0.812,0.264,0.064,0.075,1.187
5.895,1.036,0.159,0.056,0.175,1.301
5.893,0.874,0.495,0.161,0.103,1.237
5.890,0.831,0.490,0.028,0.107,0.831
5.888,0.798,0.498,0.060,0.215,1.120
5.886,1.088,0.445,0.140,0.069,1.327
5.860,0.828,0.507,0.078,0.246,0.642
5.809,0.729,0.410,0.096,0.146,1.173
5.779,0.706,0.511,0.064,0.137,0.776
5.758,0.828,0.199,0.020,0.081,1.201
5.743,0.777,0.514,0.080,0.184,0.855
5.718,1.042,0.417,0.162,0.191,1.263
5.697,0.854,0.455,0.027,0.083,0.960
5.693,0.999,0.508,0.025,0.047,1.221
5.653,0.535,0.313,0.098,0.220,0.677
5.648,0.726,0.334,0.031,0.082,1.183
5.631,0.657,0.558,0.107,0.117,0.807
5.603,0.854,0.282,0.039,0.137,1.004
5.529,0.739,0.245,0.000,0.181,0.685
5.525,0.673,0.416,0.152,0.133,1.044
5.523,0.871,0.197,0.080,0.142,1.051
5.467,0.718,0.389,0.144,0.230,0.493
5.432,0.914,0.296,0.022,0.119,1.155
5.430,1.122,0.440,0.287,0.258,1.438
5.425,0.779,0.497,0.101,0.113,1.015
5.386,0.845,0.212,0.006,0.263,0.945
5.373,0.808,0.195,0.106,0.083,1.183
5.339,0.828,0.508,0.024,0.260,1.221
5.323,0.789,0.235,0.142,0.094,1.067
5.287,0.999,0.067,0.034,0.000,1.181
5.285,0.667,0.317,0.038,0.235,0.948
5.274,0.838,0.345,0.034,0.185,0.983
5.265,0.245,0.426,0.041,0.215,0.696
5.261,0.723,0.508,0.023,0.300,0.551
5.247,0.657,0.394,0.028,0.244,1.052
5.211,0.785,0.086,0.114,0.073,1.002
5.208,0.782,0.418,0.076,0.036,0.801
5.208,0.769,0.351,0.182,0.035,1.043
5.197,0.815,0.216,0.027,0.166,0.987
5.192,0.660,0.491,0.028,0.498,0.931
5.191,0.893,0.521,0.100,0.058,1.029
5.175,0.851,0.543,0.073,0.147,0.741
5.082,0.604,0.457,0.167,0.370,0.813
5.044,0.331,0.381,0.037,0.187,0.549
5.011,0.815,0.311,0.004,0.081,1.092
4.996,0.486,0.381,0.040,0.245,0.611
4.944,0.232,0.352,0.090,0.154,0.569
4.913,0.677,0.439,0.089,0.285,0.446
4.906,0.815,0.383,0.130,0.110,0.837
4.883,0.397,0.349,0.082,0.175,0.393
4.812,0.508,0.372,0.093,0.105,0.673
4.799,0.571,0.295,0.055,0.043,1.057
4.796,0.551,0.547,0.164,0.266,0.764
4.722,0.469,0.389,0.055,0.130,0.960
4.719,0.874,0.383,0.027,0.178,0.947
4.707,0.805,0.154,0.047,0.064,0.960
4.700,0.637,0.609,0.062,0.232,0.574
4.696,0.672,0.225,0.066,0.103,0.657
4.681,0.571,0.292,0.072,0.153,0.450
4.668,0.268,0.559,0.270,0.243,0.000
4.639,0.477,0.401,0.056,0.070,0.879
4.628,0.366,0.318,0.102,0.188,0.138
4.587,0.380,0.255,0.113,0.177,0.331
4.559,0.815,0.283,0.064,0.095,0.850
4.548,0.785,0.305,0.125,0.270,1.100
4.534,0.375,0.332,0.086,0.207,0.380
4.519,0.752,0.346,0.164,0.043,0.886
4.516,0.428,0.382,0.167,0.269,0.308
4.509,0.581,0.431,0.053,0.372,0.512
4.490,0.489,0.066,0.088,0.106,0.570
4.466,0.390,0.494,0.138,0.197,0.204
4.461,0.815,0.167,0.055,0.059,0.921
4.456,0.723,0.527,0.143,0.166,0.562
4.437,0.574,0.241,0.089,0.148,1.043
4.418,0.357,0.269,0.053,0.212,0.094
4.390,0.308,0.327,0.052,0.153,0.385
4.374,0.242,0.309,0.045,0.252,0.268
4.366,0.831,0.470,0.047,0.244,0.949
4.360,0.555,0.525,0.172,0.566,0.710
4.350,0.192,0.174,0.078,0.198,0.350
4.332,0.739,0.178,0.010,0.187,0.820
4.286,0.532,0.344,0.100,0.209,0.336
4.212,0.000,0.313,0.135,0.074,0.811
4.189,0.443,0.356,0.060,0.252,0.332
4.166,0.644,0.241,0.067,0.076,0.913
4.107,0.426,0.431,0.087,0.247,0.578
4.085,0.410,0.293,0.085,0.177,0.275
4.015,0.588,0.498,0.085,0.200,0.755
3.975,0.443,0.370,0.033,0.233,0.073
3.973,0.505,0.142,0.078,0.275,0.274
3.933,0.555,0.148,0.041,0.169,0.274
3.802,0.168,0.359,0.093,0.107,0.489
3.775,0.380,0.220,0.180,0.176,0.046
3.663,0.433,0.361,0.089,0.151,0.366
3.597,0.449,0.026,0.110,0.419,0.323
3.488,0.538,0.455,0.100,0.025,1.041
3.462,0.440,0.013,0.141,0.331,0.619
3.410,0.495,0.443,0.089,0.218,0.191
3.380,0.463,0.143,0.077,0.108,0.287
3.334,0.614,0.555,0.411,0.217,0.359
3.231,0.499,0.417,0.147,0.276,0.476
3.203,0.361,0.000,0.025,0.158,0.350
3.083,0.105,0.225,0.035,0.235,0.026
2.853,0.295,0.010,0.091,0.202,0.306
