year,health,family,economy,freedom,generosity,corruption,dystopia,score
1.0,0.16827344434706398,0.46593673965936744,0.16698473282442747,0.24033149171270718,0.23625565965756137,0.14132739033538078,0.5027262058570432,0.32643812989097576
0.25,0.6052410166520595,0.6367700729927008,0.5943940839694656,0.6241712707182321,0.1723353784057656,0.09965392908264029,0.5333984964977173,0.618991325887437
0.25,0.5757756354075373,0.5741909975669099,0.6871374045801526,0.6543508287292817,0.20459978768425277,0.4669601927850555,0.5544007933567768,0.6944444397370294
1.0,0.8729184925503944,0.9355231143552312,0.635973282442748,0.6215469613259669,0.41523722000419877,0.5037053142722546,0.5027262058570432,0.8591410537794818
0.25,0.5968273444347064,0.6396776155717763,0.6105152671755725,0.5733563535911602,0.10050411218664845,0.3355438386693482,0.42496737092279013,0.5563435707851646
0.75,0.37160385626643294,0.49270072992700736,0.3110687022900763,0.4613259668508288,0.25773344689915784,0.20474352702433368,0.5027262058570432,0.5474783224216354
1.0,0.6967572304995618,0.8254257907542579,0.6693702290076335,0.606353591160221,0.09545683218487329,0.2391694297983367,0.5027262058570432,0.7253743062497867
0.5,0.5499682837881094,0.3830861218654325,0.04371305757010257,0.5685919973212791,0.24393418886064897,0.15246678814738818,0.3859760989913568,0.041765149025722814
0.75,0.7002629272567923,0.694647201946472,0.4718511450381679,0.824585635359116,0.034603101667016564,0.18662463082748998,0.5027262058570432,0.5029550750848003
0.5,0.5499682837881094,0.5752475809876935,0.17592838417937737,0.5685919973212791,0.3015911234880411,0.8248084177798699,0.06026583021134978,0.1532702698809344
0.25,0.4584487291849256,0.5056690997566909,0.33004293893129766,0.34809392265193373,0.2386062841501139,0.03448025946259353,0.8695834306981197,0.6312056680771884
0.5,0.5499682837881094,0.5281943184325877,0.4805657472319274,0.5685919973212791,0.059294630736113116,0.157132773138345,0.4450295969006566,0.4160756073039755
1.0,0.6914986853637161,0.8911192214111923,0.5090648854961831,0.324585635359116,0.11216177781722611,0.25728832599518037,0.5027262058570432,0.5181245000623945
0.5,0.5499682837881094,0.8482588613700426,0.42683776212102575,0.5685919973212791,0.3222401470552249,0.04172685911879655,0.13843913741885672,0.2763987663441706
0.75,0.6757230499561788,0.887469586374696,0.5214694656488549,0.8632596685082873,0.1551173523004191,0.2808428910510772,0.5027262058570432,0.7261623283265447
0.25,0.4861437335670465,0.6629136253041363,0.47162690839694654,0.49685082872928177,0.41212294085416723,0.05952057400663151,0.3440387103392854,0.43617020407954743
0.0,0.6467397020157756,0.36757299270072996,0.4203864503816793,0.3628176795580111,0.07673536097261502,0.11519994201953217,0.5118291091264526,0.4030732768557054
0.75,0.6134969325153374,0.9111922141119222,0.4957061068702289,0.4240331491712707,0.12051425063340253,0.2790310014313928,0.5027262058570432,0.5496453831327203
0.75,0.7738825591586328,0.9482968369829684,0.620706106870229,0.7361878453038675,0.42239648241806427,0.49283397655414835,0.5027262058570432,0.811859729173993
0.0,0.31806310254163017,0.36013990267639906,0.2100429389312977,0.6363812154696132,0.21588755809011403,0.5092315776122919,0.4909094535983175,0.3301812347555769
0.25,0.5054250657318142,0.6052068126520681,0.4903959923664122,0.7218093922651934,0.25398676623590155,0.2241669837473501,0.38974791544367,0.4850275728385526
0.75,0.754601226993865,0.9622871046228711,0.6946564885496183,0.9475138121546962,0.34125817506092193,0.6160424706926855,0.5027262058570432,0.9655240341418313
0.0,0.647239263803681,0.7694890510948905,0.4613072519083969,0.7688397790055249,0.687647154851781,0.05774492217934084,0.5673384361980427,0.7411347477849496
0.5,0.5499682837881094,0.8530515243827311,0.5149684334529245,0.5685919973212791,0.2230919831972644,0.20645622147338877,0.2823726498144474,0.4998029905353504
0.5,0.5499682837881094,0.7395197585261375,0.37392951149976905,0.5685919973212791,0.27556859722878885,0.04732939441594825,0.5804301165440279,0.4690701024871903
1.0,0.8755477651183172,0.8704379562043797,0.5825381679389313,0.7016574585635359,0.056080888908613055,0.045297240492109224,0.5027262058570432,0.591016542162523
0.5,0.5499682837881094,0.9319287727058942,0.6604951642851813,0.5685919973212791,0.22686935549118648,0.12848851647967785,0.45571785110333296,0.7308904367385688
1.0,0.21209465381244522,0.5115571776155717,0.12786259541984732,0.42679558011049723,0.3006890213823508,0.0815350328857966,0.5027262058570432,0.3311662623515246
0.5,0.5499682837881094,0.5689673035104198,0.28229172106917555,0.5685919973212791,0.12424328270380025,0.10285630393703502,0.2898204702608018,0.17730493908871858
1.0,0.8869412795793163,0.8996350364963505,0.7676526717557252,0.7265193370165747,0.23148281804831772,0.5725571198202606,0.5027262058570432,0.866233252470305
0.25,0.438851884312007,0.42395985401459857,0.21291030534351144,0.5112154696132597,0.45532908952184553,0.12697722454748056,0.5694728622967451,0.4137115748919403
0.75,0.8010517090271692,1.0,0.6407442748091602,0.9350828729281768,0.4212032720157533,0.25004076751644294,0.5027262058570432,0.9460204877420672
1.0,0.0,0.6989051094890512,0.3869274809160305,0.4323204419889503,0.08829756977100778,0.2446050986573898,0.5027262058570432,0.2992513682428197
0.75,0.6879929886064856,0.7171532846715329,0.46040076335877855,0.6947513812154696,0.255347026094536,0.24641698827707417,0.5027262058570432,0.5250196932340282
0.75,0.5635407537248028,0.36009732360097324,0.4069656488549618,0.5179558011049724,0.04534199528781481,0.3895562682321393,0.5027262058570432,0.32446807469908046
0.0,0.31440841367221734,0.5286374695863747,0.21663645038167936,0.3346961325966851,0.2613130781060906,0.3163740464930876,0.5098542662874664,0.34338060454127595
0.5,0.5499682837881094,0.697212570195073,0.5209277035625858,0.5685919973212791,0.08285252949951992,0.26471002580843433,0.6380548586043389,0.6262805729338846
0.5,0.5499682837881094,0.7752096710993979,0.474970702451604,0.5685919973212791,0.7298922774670262,0.02775295879849432,0.3137227287582285,0.506107179925194
0.5,0.5499682837881094,0.859019385057062,0.5808968011659541,0.5685919973212791,0.20892747718299878,0.3226284588442282,0.5254362990517193,0.740937741514243
1.0,0.7283085013146362,0.8990267639902677,0.39646946564885494,0.6767955801104972,0.127673513047268,0.05073290935116233,0.5027262058570432,0.6298266294428615
0.5,0.5499682837881094,0.5296234884401307,0.11178704675372328,0.5685919973212791,0.38448592546190163,0.3251189245195068,0.5776546110427142,0.3658392713047032
0.0,0.0663102541630149,0.6525790754257909,0.3397232824427481,0.42345303867403317,0.21786828735795016,0.05544382236234168,0.6150167847392808,0.428289983311966
0.25,0.27211218229623135,0.28888686131386865,0.2764265267175572,0.31588397790055245,0.11718519361095507,0.106756536391803,0.4685962942487333,0.20311267487832618
0.5,0.5499682837881094,0.9796678874904502,0.706408883779103,0.5685919973212791,0.5674195381011629,0.27817317945332387,0.5682689440832198,0.9477935742390781
0.5,0.5499682837881094,0.4812923878648857,0.11667458496930963,0.5685919973212791,0.31598012256688335,0.20100671797788225,0.34872700926091005,0.16036247120206515
0.0,0.1402892199824715,0.55007299270073,0.31218988549618315,0.47422651933701654,0.3249469888613318,0.07301915167328006,0.7308371851792748,0.50728919650697
0.25,0.5604907975460123,0.5780109489051095,0.5810496183206106,0.3866850828729282,0.2081555546831393,0.1610769871899404,0.5357466501763964,0.5648148081103145
1.0,0.7142857142857142,0.7451338199513383,0.3993320610687022,0.5290055248618785,0.13125314425420076,0.23554565055896795,0.5027262058570432,0.4359731985603579
0.5,0.5499682837881094,0.5259545035025791,0.16184820871771755,0.5685919973212791,0.3730581154331744,0.29978749047515174,0.48079122874903535,0.3481087445169885
0.5,0.5499682837881094,0.9185170025140998,0.7082132324007633,0.5685919973212791,0.5699957142556402,0.5457116746640683,0.49488786974711174,0.9044523074112308
0.25,0.6167134092900964,0.6585644768856449,0.6105582061068702,0.32308011049723756,0.16510452336776144,0.053396387092098346,0.6503217312503918,0.6668636670504945
0.25,0.7374408413672217,0.49772506082725065,0.6256727099236641,0.6021546961325968,0.31407684209627934,0.30037506115127466,0.45763064454538716,0.6063829726593067
0.75,0.23400525854513585,0.5218978102189781,0.03625954198473282,0.5787292817679558,0.24580134287604868,0.05435668859053106,0.5027262058570432,0.15799841098392242
1.0,0.46888694127957936,0.5389294403892945,0.32299618320610685,0.4323204419889503,0.2625062885084015,0.17756518272906816,0.5027262058570432,0.5831363213949413
0.75,0.708150744960561,0.809610705596107,0.5395992366412213,0.5953038674033149,0.23506244925525047,0.1105252668007465,0.5027262058570432,0.7452718636879297
0.0,0.7654425942156003,0.7748479318734793,0.5653530534351144,0.8405386740331492,0.3022163306973088,0.06861625989744705,0.3668277697669515,0.621552397636901
0.75,0.35056967572305,0.5450121654501217,0.15839694656488548,0.8784530386740331,0.23864208046218321,0.8044789911398598,0.5027262058570432,0.14085893081443268
0.0,0.5272918492550394,0.2622019464720195,0.1896612595419847,0.5638121546961327,0.2532231115784226,0.2277364062981283,0.6238252107353938,0.3942080284921763
1.0,0.32077125328659073,0.47080291970802923,0.06583969465648855,0.43922651933701656,0.22432355563445222,0.1848127412078056,0.5027262058570432,0.38120566422566693
0.0,0.80943032427695,0.5432968369829684,0.5763979007633587,0.5617679558011051,0.3655758030600184,0.1113587360258013,0.44476139452971386,0.5902285200857648
0.0,0.3631463628396144,0.6075182481751825,0.17400286259541983,0.5830801104972376,0.44795504923556406,0.10579623489337028,0.41519289626518174,0.3400315107150538
0.75,0.5547765118317266,0.809610705596107,0.6579198473282443,0.7030386740331492,0.11693461942646978,0.23010998169991484,0.5027262058570432,0.7245862841730285
1.0,0.43382997370727433,0.34063260340632606,0.09112595419847327,0.611878453038674,0.2601198677037797,0.16125817615190882,0.5027262058570432,0.1412529418528118
1.0,0.7256792287467134,0.8570559610705597,0.5009541984732824,0.7693370165745858,0.42836253442961886,0.05073290935116233,0.5027262058570432,0.6530732807072269
0.75,0.4943032427695004,0.9075425790754258,0.5834923664122137,0.7941988950276243,0.20403897879516666,0.03442590277400301,0.5027262058570432,0.6893222962381015
0.25,0.4396406660823839,0.7105231143552311,0.35110209923664115,0.8404419889502763,0.409581402697245,0.5133626859451722,0.5750126811697452,0.6489361648042465
0.5,0.5499682837881094,0.7061054816791302,0.5158233733577576,0.5685919973212791,0.03437262234000838,0.041300709560002535,0.4093192613890497,0.5082741775089002
0.0,0.5413321647677476,0.6555474452554745,0.4481345419847328,0.39473756906077345,0.09333291766875985,0.3149607725897339,0.5994374690095009,0.5736800564738439
0.5,0.5499682837881094,0.8937240807099331,0.6115353516949952,0.5685919973212791,0.06236173656000193,0.05972510197070536,0.5348967023959175,0.6442079970224265
0.25,0.6827344434706398,0.637360097323601,0.7194465648854961,0.6652348066298343,0.490135036957255,0.26939174865467197,0.6837116786449101,0.8689913297389585
0.5,0.5499682837881094,0.5986228984057755,0.1757733438533683,0.5685919973212791,0.3496594518798959,0.12881661147854903,0.6667958224160193,0.3971631330739952
0.0,0.5936634531113059,0.6235218978102189,0.36476145038167934,0.5573204419889504,0.12757805621508314,0.21336812161403126,0.7712487960012995,0.6771079540483503
0.75,0.7484662576687117,0.9057177615571778,0.5882633587786259,0.7500000000000001,0.07636546574789863,0.06160424706926854,0.5027262058570432,0.7915681606974708
0.5,0.5499682837881094,0.702932005671107,0.5716651905583969,0.5685919973212791,0.05224516890071528,0.13778838434229856,0.2833561126949537,0.34909379465842894
1.0,0.7808939526730938,0.8911192214111923,0.5362595419847328,0.7223756906077349,0.15153772109348634,0.27178344295265533,0.5027262058570432,0.7092198536762447
0.75,0.3978965819456617,0.637469586374696,0.2352099236641221,0.6961325966850829,0.4200100616134424,0.09965392908264029,0.5027262058570432,0.338258461042348
0.75,0.1516213847502191,0.5486618004866181,0.09446564885496182,0.7334254143646409,0.24580134287604868,0.2862785599101303,0.5027262058570432,0.33963749967667467
0.25,0.10049079754601227,0.20445863746958637,0.0,0.7842265193370165,0.32485153202914685,0.5649471834175862,0.9999999999999999,0.5411741458075704
0.75,0.3006134969325154,0.49330900243309006,0.32538167938931295,0.7099447513812155,0.10858214661029335,0.1395155007156964,0.5027262058570432,0.3676122834015889
0.75,0.22261174408413673,0.6672749391727494,0.1498091603053435,0.430939226519337,0.2088118204044103,0.2319218713195992,0.5027262058570432,0.34101653831100154
0.75,0.6669588080631026,0.7615571776155718,0.49522900763358774,0.6616022099447514,0.08233151775945322,0.17212951387001504,0.5027262058570432,0.7476359299182044
0.25,0.5434443470639789,0.5157116788321168,0.4643034351145038,0.7018922651933702,0.5605463827976221,0.14429888931166313,0.16762796582638478,0.3392434886382957
1.0,0.41104294478527603,0.8217761557177616,0.45801526717557245,0.537292817679558,0.1551173523004191,0.09965392908264029,0.5027262058570432,0.3997241830294833
0.25,0.16311130587204206,0.58426399026764,0.4886259541984732,0.5867817679558011,0.16294481253957868,0.15247051149643964,0.3743623793864023,0.3479117314826352
0.5,0.5499682837881094,0.8736848106059429,0.6760091499517891,0.5685919973212791,0.14386868119410234,0.29671637872961715,0.29484248354407633,0.6357368100488768
0.0,0.0667134092900964,0.6332299270072993,0.17912690839694656,0.4387707182320442,0.19554332073071293,0.2265586780453335,0.703802071162735,0.43439715440684157
0.25,0.3030499561787905,0.23072992700729927,0.13970896946564884,0.5069475138121547,0.3522595749702286,0.31110144769980613,0.663285021401255,0.3575650019229225
1.0,0.8439964943032428,0.8765206812652069,0.4933206106870229,0.770718232044199,0.1718222979327719,0.1685057346306463,0.5027262058570432,0.8814026774478992
1.0,0.9009640666082384,0.9622871046228711,0.7099236641221374,0.8328729281767956,0.32336001902625827,0.6178543603123698,0.5027262058570432,0.9576438133742499
0.5,0.5499682837881094,0.90106386337837,0.7057272978411354,0.5685919973212791,0.5196905274381517,0.5206854672459676,0.5296695037655522,0.9107564968010743
0.75,0.7747589833479404,0.9276155717761557,0.6059160305343511,0.8908839779005525,0.44864711126890444,0.25728832599518037,0.5027262058570432,0.7750196970855497
0.75,0.44960560911481157,0.7980535279805353,0.36975190839694655,0.8881215469613261,0.1431852482773099,0.19024841006685872,0.5027262058570432,0.5577226094194913
0.5,0.5499682837881094,0.38956801821715636,0.17586367503377337,0.5685919973212791,0.5837230402071947,0.18095731102366872,0.39000656427614455,0.17927499240182154
0.25,0.3252322524101665,0.28050486618004866,0.133368320610687,0.18900552486187844,0.2629835726693259,0.1360004348535087,0.519263979208581,0.1973995148218296
0.25,0.6208150744960561,0.6016545012165451,0.5644370229007634,0.6757872928176796,0.2885182752787795,0.1526154626660144,0.7628678251651402,0.7895981055055753
0.75,0.10078878177037687,0.43309002433090027,0.0,0.9309392265193371,0.283984075749998,0.510952872750992,0.5027262058570432,0.45094561801876276
0.0,0.8053812445223488,0.741867396593674,0.7461402671755725,0.8505939226519337,0.33450460418384215,0.6848580384482977,0.4676444940925697,0.8378644577070117
0.25,0.2030236634531113,0.3062834549878346,0.051078244274809156,0.35563535911602207,0.2871222191080757,0.08791288434708558,0.5426571752623149,0.18301811192099338
0.25,0.257353198948291,0.08941605839416059,0.041550572519083964,0.5722375690607735,0.3695133973876445,0.13705133083292564,0.7124281162906011,0.28821905916820567
0.75,0.7782646801051709,0.8716545012165451,0.5935114503816793,0.6408839779005525,0.31262112540546,0.14857494881411826,0.5027262058570432,0.8859338043892587
1.0,0.09202453987730061,0.0,0.012404580152671754,0.31077348066298344,0.28040444454306523,0.06341613668895292,0.5027262058570432,0.07683213707783343
0.75,0.31989482909728306,0.7791970802919708,0.41698473282442744,0.7168508287292819,0.06085373051785671,0.1159609356597996,0.5027262058570432,0.3443656321372236
0.75,0.6003505696757231,0.8327250608272506,0.4651717557251908,0.39779005524861877,0.15989019390966275,0.07791125364642786,0.5027262058570432,0.5328999140016096
0.0,0.05871165644171779,0.0,0.037452290076335874,0.6751243093922652,0.28440169939080684,0.15018753057563733,0.6821386436562805,0.19405042099560743
0.0,0.37567046450482033,0.47062043795620445,0.10595419847328244,0.817693370165746,0.2699996498349141,1.0,0.09741418125238661,0.1520882454082363
0.0,0.6168273444347063,0.6804257907542579,0.5398139312977099,0.5755248618784531,0.21829784310278208,0.19972459277780796,0.502140125500835,0.6030338788330846
0.75,0.6923751095530237,0.49695863746958635,0.43702290076335876,0.5787292817679558,0.1777883499443265,0.0579804678298998,0.5027262058570432,0.3729314324197064
0.75,0.7808939526730938,0.9148418491484186,0.6397900763358778,0.8522099447513812,0.2887569173592417,0.4058632748092986,0.5027262058570432,0.8758865229105924
0.25,0.7563803680981595,0.6966180048661801,0.7286879770992366,0.8087983425414366,0.3350892772809746,0.7465528799985505,0.6742535208056675,0.9487785650107207
1.0,0.46625766871165647,0.628345498783455,0.16030534351145037,0.4751381215469613,0.24938097408298143,0.1811889619684369,0.5027262058570432,0.3138297766628454
0.5,0.5499682837881094,0.5304853629021752,0.0567947485917853,0.5685919973212791,0.318050095842501,0.07056992819814281,0.3832010011430493,0.16548461921009272
1.0,0.7633654688869412,0.832116788321168,0.6498091603053435,0.7403314917127073,0.3042686525892836,0.19930785816528057,0.5027262058570432,0.6907013348724281
0.25,0.7458545135845749,0.6336192214111923,0.6464456106870229,0.2600414364640884,0.1990752235215532,0.04631189867913246,0.5758105974683255,0.6469661096123512
0.75,0.06923751095530237,0.739051094890511,0.22519083969465645,0.5842541436464088,0.13841240666806626,0.2029316374046493,0.5027262058570432,0.21966113849024715
0.5,0.5499682837881094,0.8866080692504745,0.8310799607793797,0.5685919973212791,0.33789449330923177,0.5776927832778169,0.36787705282383715,0.8215129830809192
0.0,0.20510078878177038,0.5399452554744526,0.201574427480916,0.6810635359116022,0.24601612074846466,0.10483593339493757,0.46225855907715274,0.3071315890104013
1.0,0.7607361963190185,0.7980535279805353,0.4351145038167939,0.6878453038674033,0.1503445106911754,0.15763439691254008,0.5027262058570432,0.6570133910910175
0.0,0.2967659947414549,0.6891666666666667,0.10067748091603053,0.6315883977900553,0.3468185355356908,0.13167001866246308,0.3132049448012903,0.24389281735056012
0.5,0.5499682837881094,0.7614510772872142,0.3477436213092948,0.5685919973212791,0.24911742541268597,0.018284296629162363,0.7065059812946876,0.6195823071237344
0.0,0.21042068361086766,0.2826946472019465,0.08309637404580152,0.5210635359116021,0.3419383049902392,0.21994528093348553,0.47394518315028755,0.18971629957343772
0.0,0.755293602103418,0.7585827250608272,0.6653196564885495,0.7541988950276243,0.4785370318467929,0.2879092605678462,0.6216708367292271,0.8719464125268016
0.25,0.6397283085013146,0.5298905109489052,0.7507251908396946,0.776450276243094,0.31728657807849564,0.6443260676559583,0.5375932564673965,0.7643813990493148
0.0,0.3232077125328659,0.6168126520681266,0.24860209923664123,0.1392403314917127,0.22744976688850682,0.2656230182457285,0.5357409507742638,0.36583923372888305
0.5,0.5499682837881094,0.8991254072119708,0.7129710252958396,0.5685919973212791,0.45986239673959123,0.6964880661866699,0.5041001482941034,0.9044523074112308
0.5,0.5499682837881094,0.7384480351079136,0.3146549103824236,0.5685919973212791,0.21754307862954061,0.1627937888311174,0.3871278546217763,0.28486995331772036
1.0,0.37949167397020156,0.6776155717761558,0.174618320610687,0.4986187845303867,0.1801747707489483,0.16125817615190882,0.5027262058570432,0.19109533820776436
0.75,0.7747589833479404,0.8692214111922142,0.5667938931297709,0.776243093922652,0.06562657212710038,0.03080212353463427,0.5027262058570432,0.5352639802318843
0.0,0.5418580192813321,0.6175669099756691,0.28362595419847325,0.4532872928176796,0.24998951138816003,0.02926201735790256,0.7918008400918743,0.6296296239236722
0.75,0.6643295354951797,0.6557177615571776,0.4365458015267175,0.3867403314917128,0.25773344689915784,0.0,0.5027262058570432,0.47990542933962443
1.0,0.7142857142857142,0.7445255474452555,0.47089694656488545,0.2983425414364641,0.19807292678361207,0.04892101973147796,0.5027262058570432,0.4933018046445129
0.75,0.5039439088518842,0.9227493917274939,0.4360687022900763,0.5455801104972376,0.3018822317846618,0.0579804678298998,0.5027262058570432,0.47911740726286645
0.25,0.5116827344434706,0.45982968369829685,0.33124522900763353,0.36954419889502765,0.24389220623235122,0.1251290971354025,0.5605162518451815,0.4290780053887243
0.0,0.5641367221735321,0.6827311435523115,0.5355629770992366,0.7133839779005525,0.14112099428131203,0.15317714844811656,0.5467749933032025,0.6229314362712278
0.5,0.5499682837881094,0.668169590678528,0.46013088057969365,0.5685919973212791,0.09203678684957832,0.16877203232089832,0.32865893112517597,0.3705673428924222
0.5,0.5499682837881094,0.8962993349182057,0.6271862346707394,0.5685919973212791,0.012128574082142308,0.021499235116379484,0.541403455874539,0.6321906859034235
0.75,0.5872042068361087,0.4720194647201947,1.0,0.39226519337016574,0.22193713482983038,0.22727548617272234,0.5027262058570432,0.8039795084064115
0.0,0.35172655565293603,0.41334549878345506,0.2602958015267175,0.5848342541436464,0.27547648558152116,0.07890779293725426,0.5644146429039594,0.3821906918216146
1.0,0.9219982471516214,0.9282238442822385,0.6927480916030534,0.7900552486187845,0.3138143358077709,0.6214781395517386,0.5027262058570432,0.9430654049542243
0.0,0.7357318141980719,0.48662408759124093,0.4893320610687023,0.4684530386740332,0.2607642013210276,0.08302078237393777,0.3539357221427472,0.4227738287746591
1.0,0.203330411919369,0.4914841849148419,0.27146946564885494,0.4861878453038674,0.18375440195588105,0.1630700657715932,0.5027262058570432,0.4434594082895603
1.0,0.6809815950920246,0.8972019464720196,0.4079198473282442,0.7099447513812155,0.21955071402520854,0.14495116957474952,0.5027262058570432,0.6008668181219997
0.5,0.5499682837881094,0.8423288518204867,0.5031959473631774,0.5685919973212791,0.166288641397702,0.13137920567501765,0.33692830826590275,0.4208037728312467
0.5,0.5499682837881094,0.8137184773048358,0.57169578912604,0.5685919973212791,0.05571462333527358,0.1805939009936475,0.4419025586225742,0.5529944769589424
0.75,0.5994741454864154,0.8436739659367397,0.5200381679389313,0.8066298342541436,0.2923365485661744,0.09059448098421845,0.5027262058570432,0.630023634962051
0.75,0.2953549517966696,0.5450121654501217,0.282442748091603,0.6892265193370166,0.2529606052899142,0.0525447989708467,0.5027262058570432,0.3869188242821634
1.0,0.7256792287467134,0.7122871046228711,0.5825381679389313,0.7016574585635359,0.3102347046008382,0.043485350872424854,0.5027262058570432,0.5212765883694271
0.25,0.18429447852760736,0.06337591240875913,0.18844942748091603,0.5489917127071823,0.24078985918634285,0.12105234549111267,0.5071157035626963,0.15583135027283745
0.5,0.5499682837881094,0.781414862676837,0.6160378911113025,0.5685919973212791,0.4971021085350174,0.11886124209929518,0.47757253648644393,0.6680457219596075
0.5,0.5499682837881094,0.781037076546326,0.5977025810088835,0.5685919973212791,0.3897769990515312,0.14909674060301317,0.6215214717541506,0.7799448252955757
1.0,0.7028921998247152,0.8753041362530415,0.4790076335877862,0.5386740331491713,0.11812782982878069,0.1558225072928557,0.5027262058570432,0.7105988923105714
0.0,0.6981682734443471,0.7290145985401459,0.5074093511450382,0.7487569060773481,0.2915490297006492,0.167962167744741,0.7180961717115875,0.8063435746366859
0.75,0.45311130587204207,0.9324817518248175,0.4847328244274809,0.5759668508287292,0.2374488700598723,0.06703991592832165,0.5027262058570432,0.5797872275687194
0.0,0.6397020157756353,0.4726946472019465,0.3665124045801526,0.27412983425414367,0.09372667710152245,0.07066369516769039,0.4075499980052092,0.32643812989097576
0.5,0.5499682837881094,0.7751197565501035,0.8925408807419656,0.5685919973212791,0.39432485942246387,0.795961761173945,0.23278764036732646,0.7253743062497867
0.25,0.7098247151621385,0.6610218978102189,0.6692891221374045,0.6911049723756907,0.5984666093830631,0.49643963689732024,0.5190474019275377,0.7943262379661243
0.0,0.8375284837861525,0.7991423357664235,0.5868845419847328,0.6346823204419889,0.21748646002921065,0.1159246978674059,0.5115469887208832,0.716312052367068
0.25,0.5320946538124453,0.5244282238442823,0.47553912213740457,0.49755524861878453,0.17017566757758285,0.24092696272943054,0.5337034145118177,0.5141843896786039
1.0,0.6739702015775636,0.6976885644768857,0.49761450381679384,0.4848066298342541,0.04176236408088206,0.3297639107825551,0.5027262058570432,0.495468865355598
0.0,0.5028834355828221,0.5204562043795621,0.1862929389312977,0.6521546961325967,0.27412815782690986,0.27308800347882806,0.5087884780886485,0.41233253625761357
0.25,0.7409465381244522,0.6325973236009732,0.809885496183206,0.7578729281767955,0.3289800400211427,0.6401224837382906,0.5078081809218212,0.8230890437677968
1.0,0.6879929886064856,0.5121654501216545,0.5248091603053435,0.4212707182320442,0.32216680862394736,0.2264862024605461,0.5027262058570432,0.36544522269050395
0.5,0.5499682837881094,0.506109709867306,0.3859562273243912,0.5685919973212791,0.14420201587873285,0.1442592698166857,0.3976916387728418,0.3148147824648173
0.0,0.682760736196319,0.778272506082725,0.5369990458015267,0.7337292817679558,0.1999701313232864,0.0763167907811056,0.4380190018067105,0.6103230830430976
0.5,0.5499682837881094,0.0,0.0,0.5685919973212791,0.33514474664181404,0.10248967424534253,0.4951141171662543,0.0
0.25,0.2472567922874671,0.2907481751824818,0.3678864503816794,0.5240055248618785,0.14410402028708932,0.1767135946078165,0.5067423927230033,0.30397950070336865
1.0,0.6248904469763366,0.8984184914841851,0.5873091603053435,0.675414364640884,0.22074392442751947,0.0289902339149499,0.5027262058570432,0.6893222962381015
1.0,0.147239263803681,0.7110705596107056,0.23330152671755722,0.4958563535911602,0.127673513047268,0.1685057346306463,0.5027262058570432,0.21847910537510995
0.75,0.6056091148115688,0.7536496350364964,0.45753816793893126,0.5441988950276243,0.20642539959978845,0.09421826022358717,0.5027262058570432,0.4909377384142385
0.25,0.801849255039439,0.6450973236009733,0.6584303435114502,0.6458701657458564,0.12199383153226805,0.3439872442970774,0.4209749397288224,0.6359338005377372
0.75,0.7160385626643295,0.887469586374696,0.48187022900763354,0.8729281767955801,0.17062908753046097,0.18300085158812127,0.5027262058570432,0.8626871531248933
0.75,0.21034180543382996,0.22627737226277372,0.18034351145038166,0.6077348066298343,0.19449329557667933,0.12139660451885272,0.5027262058570432,0.2852639763803627
0.25,0.7703418054338299,0.6870133819951338,0.6405200381679389,0.5185773480662984,0.2107806175682233,0.11119566596002971,0.5893324290281949,0.722616228981133
1.0,0.38562664329535495,0.2299270072992701,0.29532442748091603,0.017955801104972375,0.39495264316491324,0.255476436375496,0.5027262058570432,0.15149722885066774
0.5,0.5499682837881094,0.6345985434641241,0.1670933748019561,0.5685919973212791,0.2993343512153993,0.21802124619252775,0.3985685683340619,0.2637903875644817
0.25,0.703900087642419,0.6683637469586374,0.6239599236641221,0.759585635359116,0.6710257339475899,0.3180591038393941,0.4735462250009974,0.7476359299182044
0.0,0.47256792287467136,0.595139902676399,0.3250620229007633,0.7930110497237569,0.2450376882185697,0.15944628653222445,0.7109320232307631,0.6298266294428615
0.5,0.5499682837881094,0.5314262388976533,0.31833245440293795,0.5685919973212791,0.30656432229480346,0.04590670557172909,0.35600959435490465,0.28112683793188964
0.25,0.5530587204206836,0.6386435523114355,0.5394179389312976,0.40180939226519335,0.1663573942901879,0.31630157090830024,0.5862519021754617,0.6124901437541822
1.0,0.5845749342681859,0.9312652068126521,0.4522900763358778,0.43784530386740333,0.28040444454306523,0.06885180554800602,0.5027262058570432,0.5106382903331922
0.75,0.25591586327782645,0.7572992700729928,0.2657442748091603,0.17817679558011051,0.15989019390966275,0.1685057346306463,0.5027262058570432,0.32762016300611296
1.0,0.33304119193689746,0.27189781021897813,0.02194656488549618,0.30386740331491713,0.2100050308067212,0.3261401315431864,0.5027262058570432,0.21315995635699247
0.25,0.2174496056091148,0.0,0.13417461832061067,0.4789779005524862,0.20901466617280315,0.20994365023282782,0.5148896880717213,0.12017335129953144
0.5,0.5499682837881094,0.6102112522960583,0.3036291885921975,0.5685919973212791,0.29780162508370894,0.14171431963616168,0.4269209708874624,0.35874702301379635
0.75,0.8290972830850131,0.9130170316301703,0.6030534351145038,0.388121546961326,0.1634698251165955,0.05073290935116233,0.5027262058570432,0.6514972365537105
0.75,0.5915863277826469,0.8965936739659368,0.4704198473282442,0.680939226519337,0.13125314425420076,0.15944628653222445,0.5027262058570432,0.7340425490941261
1.0,0.6336546888694128,0.5644768856447689,0.2681297709923664,0.7279005524861879,0.19807292678361207,0.25910021561486474,0.5027262058570432,0.3473207149250668
0.25,0.04476774758983348,0.39232360097323604,0.35885496183206106,0.38472375690607735,0.2770515233125716,0.05526263340037325,0.7287483542976342,0.4298660274654823
0.25,0.5629447852760736,0.2363564476885645,0.5331965648854962,0.3113812154696133,0.45983942484258084,0.10092225181641934,0.4757832403380885,0.41765168527573104
0.75,0.6520595968448729,0.8929440389294404,0.5119274809160305,0.7872928176795579,0.0739790449432768,0.09784203946295592,0.5027262058570432,0.7279353779992507
0.0,0.7816476774758984,0.7903710462287105,0.6335496183206106,0.8491298342541437,0.33665238290800187,0.3957710496276567,0.5092729272699293,0.7992513759458627
0.25,0.517011393514461,0.6402737226277373,0.5879198473282442,0.45140883977900553,0.03264623660722666,0.06497436176188147,0.6447648141709934,0.6231284417904174
0.25,0.7253286590709903,0.666727493917275,0.6870944656488549,0.7924033149171271,0.5349639517720761,0.5676468989509159,0.6771659152954855,0.9280929854958194
0.75,0.15950920245398773,0.5419708029197081,0.25524809160305345,0.6270718232044199,0.21835750362289763,0.07791125364642786,0.5027262058570432,0.4495665793844359
0.25,0.5228659070990359,0.6214659367396594,0.4915648854961831,0.6178867403314917,0.18645105746510374,0.09782392056675908,0.811061969599389,0.7462568912838775
0.5,0.5499682837881094,0.7365341604190997,0.5501831192096659,0.5685919973212791,0.14436704299570197,0.24057204002240404,0.7148688468584582,0.7653664401725578
0.75,0.5915863277826469,0.7913625304136253,0.7032442748091602,0.765193370165746,0.19926613718592298,0.1920602996865431,0.5027262058570432,0.667848694646442
0.0,0.5282033304119194,0.7911192214111923,0.3951288167938931,0.6025690607734806,0.3965038166879174,0.048304977260785274,0.29038738836296074,0.42966902194629275
0.75,0.18492550394390886,0.48175182481751827,0.16412213740458012,0.5441988950276243,0.22074392442751947,0.17031762425033067,0.5027262058570432,0.2503939994838148
0.0,0.7775723049956179,0.7919890510948906,0.5760496183206106,0.8337707182320443,0.6175102474039452,0.24616332373031835,0.37622323418273423,0.7109929033489505
1.0,0.44259421560035056,0.4604622871046229,0.13072519083969467,0.19613259668508287,0.32813286063550196,0.14132739033538078,0.5027262058570432,0.25216704915652066
1.0,0.6476774758983348,0.8454987834549879,0.3912213740458015,0.2458563535911602,0.2231303452321413,0.01811889619684369,0.5027262058570432,0.32289203054556415
0.0,0.6218229623137599,0.5992761557177616,0.48072996183206096,0.7743922651933702,0.45036533424823216,0.13627221829646138,0.4083251166952586,0.5484633500175832
0.5,0.5499682837881094,0.8529093288737226,0.5107930939616125,0.5685919973212791,0.17780561923245225,0.0845586089254498,0.651865734844184,0.7218281821043332
0.75,0.1270815074496056,0.3813868613138686,0.04341603053435114,0.08977900552486189,0.1777883499443265,0.13770361109601204,0.5027262058570432,0.04176515466209596
1.0,0.8843120070113935,0.9045012165450123,0.661736641221374,0.792817679558011,0.3185871774170146,0.6758348281422696,0.5027262058570432,0.9160756488252576
0.75,0.7975460122699387,0.9568126520681266,0.6393129770992366,0.8936464088397791,0.43074895523424067,0.5471906651446794,0.5027262058570432,0.9020882569628007
0.0,0.04185801928133216,0.6719221411192214,0.4740219465648855,0.6836325966850829,0.12482174018574492,0.22601511115942816,0.3229366739429034,0.32289203054556415
0.5,0.5499682837881094,0.6338137489745804,0.24386253634481916,0.5685919973212791,0.42270237589263776,0.11964832450606984,0.08336813762380012,0.12923560067315232
0.0,0.6780105170902717,0.746903892944039,0.5494942748091602,0.62,0.10357066292058752,0.2751173198528746,0.35884575708008226,0.5390070850964855
0.0,0.23773006134969324,0.5181751824817519,0.12314885496183206,0.5454834254143647,0.2594874661905549,0.23250167599789817,0.3238286303766734,0.1761229187493597
0.0,0.5785714285714286,0.5630048661800486,0.285625,0.3383839779005525,0.13424810236400117,0.23382435542026778,0.48879782510814607,0.39834514439515645
0.25,0.7141717791411043,0.6677250608272506,0.6907776717557251,0.7384806629834254,0.36335643171172016,0.5173126053160841,0.6214428606439185,0.8473207226281095
0.5,0.5499682837881094,0.5802043017969806,0.20897566191567699,0.5685919973212791,0.2578692944694698,0.09708445628488341,0.49660544775189075,0.2448778663647252
0.0,0.8365118317265556,0.7285705596107056,0.5969179389312976,0.3623756906077348,0.2723264101194203,0.05256291786704354,0.4834802829183219,0.6412529495558547
0.0,0.6117879053461875,0.3311861313868613,0.48129770992366405,0.41482044198895024,0.45444611382413547,0.10623108840209454,0.3892178710453273,0.39263198433866
0.0,0.7731200701139351,0.565285888077859,0.5506011450381679,0.10633977900552487,0.0,0.02531209798699063,0.41959853411377146,0.4263199281200707
1.0,0.9158632778264679,0.8953771289537713,0.6316793893129771,0.6022099447513812,0.13244635465651167,0.3315758004022395,0.5027262058570432,0.7681245039139158
1.0,0.7484662576687117,0.8412408759124088,0.4790076335877862,0.3895027624309392,0.1634698251165955,0.07066369516769039,0.5027262058570432,0.5732860454354646
0.75,0.25328659070990356,0.4343065693430657,0.1502862595419847,0.034530386740331494,0.4677384777058791,0.18843652044717435,0.5027262058570432,0.17513789115341194
0.0,0.5356178790534619,0.3816058394160584,0.21964694656488548,0.915,0.4815677862686626,0.13130764073852622,0.1861909185726417,0.22182819920133212
0.75,0.6389132340052586,0.7779805352798054,0.4852099236641221,0.35773480662983426,0.13244635465651167,0.1467630591944339,0.5027262058570432,0.5228526325229436
1.0,0.8755477651183172,0.944647201946472,0.7151717557251909,0.7127071823204421,0.355576699888653,0.5616857821021544,0.5027262058570432,0.852639871646227
0.0,0.80943032427695,0.6509002433090024,0.5763645038167938,0.6771685082872928,0.3122512301807436,0.2587378376909279,0.3619975264594744,0.5914105532009021
1.0,0.5381244522348817,0.4324817518248175,0.17127862595419846,0.7665745856353592,0.2589266573014688,0.7446866336902755,0.5027262058570432,0.126280522394407
0.25,0.8350306748466257,0.5293248175182482,0.720753816793893,0.6640745856353591,0.478441575014608,0.5734087079415121,0.17028673692129692,0.5447202451529819
1.0,0.8650306748466258,0.8844282238442822,0.6550572519083969,0.6837016574585636,0.3114279150031491,0.48015074921635775,0.5027262058570432,0.8455476729554038
0.25,0.667361963190184,0.6213625304136253,0.5099188931297709,0.7627762430939227,0.2691047420331809,0.19109999818811035,0.861493129370729,0.8656422359127364
0.5,0.5499682837881094,0.766240114713236,0.77908036818031,0.5685919973212791,0.2723977615982508,0.38984535578116175,0.37383666802427656,0.6721828198261947
1.0,0.4829097283085014,0.6265206812652069,0.3645038167938931,0.7555248618784531,0.3173939670147037,0.2971498976282365,0.5027262058570432,0.414302591449509
0.5,0.5499682837881094,0.4588641099396126,0.3779681527432595,0.5685919973212791,0.27627413416015595,0.16710493605687884,0.3392674891648951,0.3195429479920885
0.0,0.8289132340052585,0.7666545012165451,0.6096278625954198,0.7598204419889503,0.14714670681298217,0.3740827308800348,0.536507520361114,0.7647754100876939
1.0,0.9307624890446977,0.902676399026764,0.6135496183206106,0.5,0.18256119155357015,0.14313927995506515,0.5027262058570432,0.7212371903468063
0.25,0.44638913234005256,0.47363746958637476,0.52331106870229,0.7214640883977901,0.19884851354511415,0.2299650305303401,0.7808009939757319,0.7044917212156959
0.0,0.4812357581069237,0.4489233576642336,0.2818034351145038,0.8230801104972376,0.5034393329430217,0.4393651138772626,0.40163971799358245,0.43006303298467197
0.25,0.2065994741454864,0.3878345498783455,0.2919942748091603,0.5892541436464088,0.21317897047686826,0.2079868094435687,0.6444114512387651,0.41410558593031943
0.5,0.5499682837881094,0.9053598935296656,0.640877785573478,0.5685919973212791,0.6857745007171823,0.27733882134353605,0.3500238893619861,0.7553191353968837
0.0,0.8164417177914111,0.7963686131386861,0.63625,0.8995027624309393,0.5197863154546812,0.6457031037669185,0.552237870247411,0.9044523231930751
0.0,0.5408588957055215,0.45437956204379565,0.42070610687022897,0.23878453038674036,0.13472538652492552,0.11458389954883949,0.36210866480106235,0.2957052688974081
0.75,0.3006134969325154,0.652676399026764,0.21087786259541982,0.33701657458563533,0.09903646339180604,0.1159609356597996,0.5027262058570432,0.13041763829738728
0.75,0.7659947414548641,0.9683698296836984,0.6226145038167938,0.94060773480663,0.24102850126680506,0.712072620535957,0.5027262058570432,0.9730102438710336
0.0,0.33492550394390885,0.6099026763990268,0.13606870229007634,0.45411602209944757,0.41018994000242365,0.10412929644326067,0.2998483959032697,0.21434198947212968
0.75,0.796669588080631,0.7244525547445256,0.586354961832061,0.5842541436464088,0.24102850126680506,0.06341613668895292,0.5027262058570432,0.6046099229866008
0.5,0.5499682837881094,0.942195346465657,0.37521044261582914,0.5685919973212791,0.4963560149205919,0.4466819284972713,0.4241305860513772,0.645784114824551
0.0,0.5238562664329536,0.8153467153284673,0.301736641221374,0.9091298342541436,0.2724934595757439,0.5585330941639035,0.5439594886496407,0.6520882531112792
0.25,0.18665205959684486,0.3835401459854015,0.15264790076335877,0.46091160220994476,0.2905825292747774,0.22708412603504194,0.4401676764107445,0.20606775766616914
0.25,0.7119281332164767,0.625985401459854,0.6987977099236641,0.7625828729281768,0.565772644359744,0.542244206482941,0.677918236377004,0.9152876267484996
1.0,0.5758106923751096,0.7864963503649635,0.38501908396946566,0.770718232044199,0.1396056170703772,0.19387218930622746,0.5027262058570432,0.5788021999727718
0.0,0.14621384750219107,0.5233576642335767,0.3615362595419847,0.1434254143646409,0.14728989206125948,0.12904277871392075,0.46188239853639346,0.2639873803078929
0.5,0.5499682837881094,0.2647809267334112,0.20567051895702146,0.5685919973212791,0.24812626701851587,0.11039665032127702,0.44371297959980227,0.1899133178684056
0.25,0.4981945661700262,0.43569951338199514,0.31977099236641215,0.2450828729281768,0.13309068827375958,0.19229584533710206,0.5913300694757121,0.40602835964354833
0.25,0.7601489921121823,0.7197445255474453,0.6806583969465648,0.7820994475138121,0.5688988556137985,0.27133047054773424,0.7132203331870487,0.9472025208572045
0.25,0.4610692375109553,0.5995681265206813,0.6325,0.6692403314917127,0.3810517419779911,0.022485550180283014,0.6227622722376422,0.6845941637775527
1.0,0.5933391761612621,0.745742092457421,0.2127862595419847,0.606353591160221,0.340064964658611,0.16125817615190882,0.5027262058570432,0.43735223719468475
0.25,0.5138299737072743,0.616867396593674,0.4164456106870229,0.17761049723756908,0.24297343422257184,0.033139461144027105,0.33400776258570475,0.32131598639204784
1.0,0.6476774758983348,0.807785888077859,0.3268129770992366,0.3383977900552486,0.2159710828182758,0.0,0.5027262058570432,0.558707637015439
1.0,0.31638913234005256,0.3144768856447689,0.16698473282442747,0.0,0.18852724356512474,0.045297240492109224,0.5027262058570432,0.10047279938057774
1.0,0.39351446099912357,0.41849148418491483,0.1541030534351145,0.03591160220994475,0.49995515856827377,0.19930785816528057,0.5027262058570432,0.178092973941255
1.0,0.7633654688869412,0.8278588807785888,0.5014312977099236,0.27209944751381215,0.16943587712815006,0.14495116957474952,0.5027262058570432,0.5575256039003017
0.0,0.4984574934268186,0.525845498783455,0.17174141221374045,0.528756906077348,0.38535923153033347,0.10702831983475566,0.4638714898807115,0.3587470350380598
0.0,0.6412971078001753,0.5756204379562044,0.5061927480916031,0.3151243093922652,0.14620407059515653,0.2853001395155007,0.5006069863271343,0.5198975497351003
0.0,0.6717703768624014,0.6728345498783455,0.4829007633587786,0.4224723756906077,0.1422426120594843,0.015799677483647696,0.16281197102423955,0.30043340135795704
0.5,0.5499682837881094,0.8691844423902008,0.7175308374958206,0.5685919973212791,0.5613933590734024,0.5121520273567647,0.5603150903702673,0.9227738079200775
0.0,0.6451183172655565,0.749933090024331,0.4923282442748091,0.5240055248618785,0.13180202103926378,0.34588972839774595,0.5136073225918601,0.6146572044652673
0.0,0.7803856266432954,0.7889537712895377,0.6379914122137403,0.8623342541436465,0.3948094579166359,0.33838850537225273,0.628250796491448,0.887903859581154
0.25,0.5668185801928133,0.6472688564476885,0.6055343511450382,0.26145027624309397,0.02416251064679605,0.032976391078255514,0.6487828926745584,0.6146572044652673
0.25,0.5520946538124453,0.4942518248175183,0.47520038167938927,0.5179834254143647,0.1733376751437068,0.0958851986736968,0.6846663285021402,0.6008668181219997
0.5,0.5499682837881094,0.895693644409921,0.7098871105499857,0.5685919973212791,0.40123987167517006,0.5014077261214746,0.4807987023875052,0.8388495273878794
1.0,0.33304119193689746,0.6423357664233578,0.15791984732824427,0.35220994475138123,0.21119824120903213,0.20474352702433368,0.5027262058570432,0.37312843793889583
1.0,0.782646801051709,0.6843065693430658,0.4909351145038167,0.7196132596685083,0.06920620333403313,0.1811889619684369,0.5027262058570432,0.4921197715293758
0.5,0.5499682837881094,0.8151621134031691,0.4224314830685391,0.5685919973212791,0.5656468145525836,0.31414612855285823,0.23128299311678074,0.4566588088874326
1.0,0.8010517090271692,0.7700729927007299,0.5510496183206106,0.4088397790055249,0.141992037874999,0.03986157163305611,0.5027262058570432,0.539598101654054
0.25,0.5382559158632778,0.6322262773722628,0.5188645038167938,0.5583563535911602,0.18824087306857012,0.2566722835244877,0.9058487264685935,0.839046490822149
0.5,0.5499682837881094,0.7009733912428529,0.5503825217712929,0.5685919973212791,0.05401584772393244,0.32792938541587213,0.40861911734872924,0.5005910494364118
0.75,0.38650306748466257,0.6289537712895378,0.34351145038167935,0.8646408839779006,0.2744383925315107,0.31526879382508016,0.5027262058570432,0.3802206366297193
0.25,0.5942681858019281,0.5629075425790755,0.5310400763358778,0.29308011049723753,0.15264740676763547,0.011143121161058868,0.23515448229480723,0.3002363958387674
0.25,0.5416652059596845,0.5067457420924575,0.502223282442748,0.29013812154696134,0.08404974073878092,0.29274700585240343,0.8778390146873593,0.7214341958659959
1.0,0.9079754601226994,0.9416058394160585,0.6545801526717557,0.7693370165745858,0.39614585356722415,0.525447989708467,0.5027262058570432,0.8934200141184611
0.75,0.5205959684487291,0.8613138686131387,0.25286259541984735,0.7458563535911603,0.33529212304936745,0.06341613668895292,0.5027262058570432,0.48029944037800354
0.75,0.7677475898334793,0.9738442822384429,0.6049618320610687,0.9240331491712708,0.43552179684348435,0.7048250620572195,0.5027262058570432,0.9123325439606566
0.0,0.538851884312007,0.7199148418491484,0.5781631679389312,0.7718784530386741,0.3799659205118881,0.020655541664401804,0.5529103996990715,0.6845941637775527
1.0,0.5784399649430324,0.7317518248175183,0.44417938931297707,0.6781767955801105,0.5942187803508362,0.05073290935116233,0.5027262058570432,0.49231677704856536
0.0,0.6205609114811569,0.619860097323601,0.3984923664122137,0.7420718232044199,0.48716394305550076,0.16631334819082821,0.09760226152276626,0.31087469387500244
1.0,0.8755477651183172,0.9257907542579076,0.6660305343511449,0.7693370165745858,0.38421374954411497,0.5399431066659419,0.5027262058570432,0.9446414491077405
0.25,0.45675723049956174,0.3029987834549879,0.45512881679389305,0.26031767955801105,0.151609313717625,0.18830968817379645,0.46745641382219005,0.3288021961212503
1.0,0.7721297107800176,0.8710462287104623,0.5209923664122137,0.6505524861878453,0.07875188655252047,0.09059448098421845,0.5027262058570432,0.6684397112040107
1.0,0.7633654688869412,0.7986618004866181,0.8034351145038167,0.7665745856353592,0.2625062885084015,0.3025855664872896,0.5027262058570432,0.7251773007305969
0.25,0.743908851884312,0.43003041362530414,0.6290887404580152,0.40755524861878456,0.3329772948688842,0.0947255893170988,0.4891198413286446,0.5620567308416612
0.5,0.5499682837881094,0.8480770019429137,0.28445614316991263,0.5685919973212791,0.5113865599170677,0.07145943904484245,0.3442846785542497,0.4552797762652375
0.0,0.6652497808939527,0.731234793187348,0.5347996183206106,0.44353591160220995,0.15273093149579725,0.04997191571089489,0.259938332468924,0.4150906135262671
0.75,0.6459246275197196,0.7062043795620438,0.5319656488549618,0.5248618784530387,0.1431852482773099,0.07066369516769039,0.5027262058570432,0.5177304890240154
0.25,0.5212182296231376,0.23476277372262777,0.40104007633587785,0.3542265193370166,0.048360817605661424,0.15227120363827437,0.7467157195210222,0.48423955076179437
1.0,0.6590709903593339,0.40510948905109495,0.42270992366412213,0.47790055248618785,0.051308047299369386,0.2971498976282365,0.5027262058570432,0.3597320626340075
0.75,0.6459246275197196,0.9318734793187349,0.5725190839694656,0.7638121546961327,0.10261609459873877,0.31526879382508016,0.5027262058570432,0.6000787960452415
0.0,0.7792375109553024,0.8018613138686131,0.6155772900763358,0.8863121546961326,0.278626561043622,0.7496149734558171,0.6528579651994505,0.9284869965341983
0.75,0.6134969325153374,0.8023114355231143,0.3187022900763359,0.7279005524861879,0.24818776368067053,0.2319218713195992,0.5027262058570432,0.6792750147594352
0.5,0.5499682837881094,0.7532703760476581,0.534889807227915,0.5685919973212791,0.23614949268052327,0.15976190700932943,0.3991324203855503,0.5011820231575456
0.5,0.5499682837881094,0.5503528164541053,0.28771417969055774,0.5685919973212791,0.24011864243322129,0.23565758084821437,0.4321241859325533,0.2929471578105154
0.5,0.5499682837881094,0.447160426137511,0.279905999662312,0.5685919973212791,0.20553687802654907,0.22416310519359678,0.4702451775037958,0.37726551476302217
0.25,0.39518843120070113,0.17790145985401462,0.3532251908396946,0.5564226519337017,0.2986366994903761,0.15803301262887065,0.527690545261802,0.3370764279272107
0.75,0.3339176161262051,0.6027980535279805,0.2170801526717557,0.6643646408839778,0.32216680862394736,0.17575329310938378,0.5027262058570432,0.12017335129953144
0.25,0.6973269062226117,0.5634063260340633,0.6666459923664121,0.4471961325966851,0.30420899206916807,0.12012828178507365,0.6516268943387838,0.7261623283265447
0.0,0.579298860648554,0.7936557177615572,0.36252385496183204,0.7444613259668508,0.4085552417512576,0.14933594245438567,0.5301526869831354,0.6274625632125871
0.75,0.27344434706397897,0.7542579075425792,0.2886450381679389,0.022099447513812157,0.15989019390966275,0.14857494881411826,0.5027262058570432,0.2848699653419837
1.0,0.7256792287467134,0.7518248175182483,0.3062977099236641,0.7002762430939227,0.2935297589684853,0.14132739033538078,0.5027262058570432,0.6239164638671756
0.5,0.5499682837881094,0.8789204477973784,0.5517927289919083,0.5685919973212791,0.18511168965578087,0.2832233909032143,0.39743440972513205,0.5665878119405198
1.0,0.29009640666082387,0.5535279805352799,0.2619274809160305,0.526243093922652,0.2231303452321413,0.06703991592832165,0.5027262058570432,0.4631599602085139
0.0,0.766555652936021,0.827603406326034,0.632385496183206,0.8969337016574586,0.40735009924492366,0.8761754633907702,0.6165214269023179,0.9523246643561324
0.0,0.7961174408413673,0.8027189781021897,0.5964599236641221,0.8831215469613259,0.5667868732017082,0.7776992625609248,0.551608086311746,0.904846334231454
0.5,0.5499682837881094,0.6862983216334428,0.6687397151502957,0.5685919973212791,0.2466060048214263,0.11466121032513635,0.442216043785312,0.6195823071237344
0.5,0.5499682837881094,0.9435046183221837,0.707243803803249,0.5685919973212791,0.4239243748901181,0.7261511263949557,0.5657019530952228,0.9513396044449792
0.0,0.6399386503067485,0.592816301703163,0.42947996183206105,0.5731491712707182,0.17876678247422145,0.10851406932289684,0.6457194640282234,0.6168242651763521
0.25,0.6974496056091148,0.6854622871046229,0.7525954198473281,0.823328729281768,0.45216708195572164,0.6482216303382798,0.6657101170087257,0.9466115042996358
1.0,0.5644171779141104,0.6319951338199513,0.4355916030534351,0.3328729281767956,0.09068399057562962,0.12139660451885272,0.5027262058570432,0.2901891143601012
0.5,0.5499682837881094,0.9226957086809064,0.7466505502016507,0.5685919973212791,0.3466864212028982,0.6649766906860213,0.5551605898595666,0.9458234739561971
0.75,0.5241016652059597,0.7092457420924574,0.2261450381679389,0.4033149171270718,0.2231303452321413,0.06160424706926854,0.5027262058570432,0.493695815682892
0.25,0.2642156003505697,0.4637469586374696,0.24936545801526713,0.5604419889502763,0.49312999506705535,0.12114293997209691,0.4430373253845671,0.32762016300611296
1.0,0.9106047326906221,0.9154501216545012,0.6512404580152671,0.8066298342541436,0.340064964658611,0.5580620028627856,0.5027262058570432,0.9032702900779378
0.25,0.6447063978965819,0.48285279805352804,0.49036259541984734,0.6079005524861879,0.05917130385059833,0.04973637006033592,0.5249975777540935,0.5027580695656108
0.5,0.5499682837881094,0.765322261193084,0.5101706007964742,0.5685919973212791,0.2626564943891316,0.07411313549196245,0.46122537911849626,0.5323088936864583
0.25,0.30451358457493427,0.42799270072992707,0.44507156488549615,0.67146408839779,0.09301075086013591,0.18840028265478068,0.4540713679135059,0.37056736618943187
1.0,0.6389132340052586,0.9172749391727495,0.5596374045801527,0.5662983425414364,0.17420871873739371,0.17394140348969941,0.5027262058570432,0.6138691823885091
0.0,0.340464504820333,0.4519586374695864,0.12725667938931298,0.33736187845303867,0.5511080885153428,0.3111920421807904,0.5451905595103074,0.3595350571148178
1.0,1.0,0.8899026763990269,0.75,0.7679558011049724,0.32336001902625827,0.8207859977170191,0.5027262058570432,0.703112682581369
0.75,0.5600350569675723,0.7487834549878346,0.3845419847328244,0.6367403314917127,0.07755867615020955,0.14857494881411826,0.5027262058570432,0.6843971582583631
0.25,0.4327256792287467,0.5329987834549879,0.45374045801526713,0.5419475138121547,0.6744144514901528,0.005834284575383668,0.4853411377146537,0.5163514503896888
0.75,0.5249780893952672,0.8996350364963505,0.5491412213740458,0.5511049723756907,0.07755867615020955,0.045297240492109224,0.5027262058570432,0.6140661879076986
0.75,0.5863277826468011,0.7652068126520681,0.553912213740458,0.4917127071823204,0.3710884351186949,0.10690148756137775,0.5027262058570432,0.7149330137327413
1.0,0.7484662576687117,0.7749391727493918,0.45801526717557245,0.6284530386740332,0.09903646339180604,0.04892101973147796,0.5027262058570432,0.5918045642392812
0.75,0.5880806310254163,0.8844282238442822,0.5477099236641221,0.5013812154696132,0.10977535701260427,0.11958471489916835,0.5027262058570432,0.6382978667680116
0.75,0.1551270815074496,0.36982968369829683,0.16078244274809161,0.15469613259668508,0.2672791301176452,0.1920602996865431,0.5027262058570432,0.11052008085924414
0.75,0.5451358457493427,0.7329683698296838,0.2958015267175572,0.6339779005524863,0.23506244925525047,0.1340798318566433,0.5027262058570432,0.5537824990357004
0.0,0.3861086765994741,0.36743309002433094,0.09099713740458015,0.6001381215469613,0.2902484303621303,0.2726531499701038,0.6041879206871199,0.3583530239996806
0.5,0.5499682837881094,0.4091792515594593,0.34679557758433205,0.5685919973212791,0.3763934714443961,0.22530497136705077,0.7021404931799329,0.507486212547389
0.0,0.6544785276073619,0.5549026763990268,0.3016030534351145,0.8210497237569061,0.20117527382962044,0.18917939519124494,0.5337917552448748,0.5254137042724075
0.5,0.5499682837881094,0.8371593453298236,0.6561939042943129,0.5685919973212791,0.39385805751232794,0.15444927625878496,0.7047816090731176,0.8904648960093468
0.5,0.5499682837881094,0.8322494308443857,0.4415931819959451,0.5685919973212791,0.2789944723427952,0.1001391187316972,0.3658291399986777,0.5157604082805615
0.0,0.6513058720420684,0.6945498783454988,0.28303912213740456,0.7662292817679558,0.3318914734027813,0.35000271783442954,0.5686549980907002,0.6176122872531103
0.0,0.6103330411919369,0.6410705596107056,0.43033396946564884,0.5616160220994476,0.13188554576742556,0.25897338334148684,0.442096924032669,0.49231677704856536
0.0,0.7670376862401402,0.6930352798053528,0.5533921755725191,0.7108977900552486,0.16369653509303458,0.019532170100197494,0.26674341861538725,0.4745862803215072
0.25,0.03351446099912358,0.38429440389294406,0.20140267175572518,0.17689226519337015,0.2227365857993787,0.08972477396676995,0.5636110272032463,0.21079589012671807
0.25,0.5612182296231376,0.11708637469586375,0.39977099236641217,0.4483563535911602,0.08097125790081877,0.5776304107553767,0.43934696250363336,0.3071315890104013
0.0,0.5613058720420683,0.5705170316301704,0.4884971374045801,0.5114640883977901,0.09305847927622835,0.2910800674022938,0.4765127638110762,0.49625688743235596
0.75,0.5337423312883436,0.8594890510948906,0.37833969465648853,0.22513812154696133,0.2231303452321413,0.019930785816528056,0.5027262058570432,0.2777777666511603
0.75,0.6555652936021035,0.7925790754257908,0.786736641221374,0.9033149171270719,0.3054618629915945,0.3098331249660271,0.5027262058570432,0.7251773007305969
1.0,0.6187554776511831,0.7354014598540147,0.3702290076335878,0.7058011049723757,0.1634698251165955,0.1159609356597996,0.5027262058570432,0.6079590168128229
1.0,0.8755477651183172,0.7031630170316302,0.5634541984732824,0.09254143646408841,0.0,0.06160424706926854,0.5027262058570432,0.5110323013715713
1.0,0.3479404031551271,0.2658150851581509,0.1875,0.4820441988950276,0.2088118204044103,0.14857494881411826,0.5027262058570432,0.4314420716189986
1.0,0.3733567046450482,0.6435523114355232,0.2757633587786259,0.5953038674033149,0.29472296937079623,0.15763439691254008,0.5027262058570432,0.2785657887279186
0.5,0.5499682837881094,0.9168399511462592,0.44491284221183247,0.5685919973212791,0.26745889639735787,0.16500138326683153,0.38663418682973605,0.5516154443367475
0.75,0.47239263803680986,0.232360097323601,0.3287213740458015,0.12154696132596685,0.44864711126890444,0.2609121052345491,0.5027262058570432,0.15149722885066774
0.5,0.5499682837881094,0.6588174623874574,0.17931609492720513,0.5685919973212791,0.225687984297647,0.17280966355043756,0.3617382741266179,0.23286050827594607
1.0,0.5898334794040316,0.7925790754257908,0.4980916030534351,0.574585635359116,0.15869698350735184,0.27540722219202407,0.5027262058570432,0.557919614938681
0.75,0.37598597721297106,0.7141119221411192,0.32538167938931295,0.8011049723756906,0.7135398205819278,0.32251635230381764,0.5027262058570432,0.3181638980850152
0.75,0.8834355828220859,0.8826034063260342,0.7294847328244274,0.8715469613259669,0.3114279150031491,0.8280335561957566,0.5027262058570432,0.7190701296357215
0.5,0.5499682837881094,0.7829779255999271,0.3517648873438363,0.5685919973212791,0.35996081381634126,0.23679219772054863,0.6227595818799848,0.6654846479555946
0.0,0.5906222611744084,0.7316180048661801,0.3812356870229007,0.34700276243093925,0.18226288895299242,0.05365005163885416,0.35416654792912217,0.3916469567427123
1.0,0.6879929886064856,0.7055961070559611,0.47805343511450377,0.11878453038674032,0.08710435936869686,0.20655541664401805,0.5027262058570432,0.49605988191316663
0.5,0.5499682837881094,0.9478291455846656,0.7326844653100476,0.5685919973212791,0.5105250015504345,0.5406463976274937,0.4118641711724724,0.8439716753959051
0.75,0.5863277826468011,0.4847931873479319,0.3716603053435114,0.6353591160220995,0.031023470460083816,0.1340798318566433,0.5027262058570432,0.5045311192383165
0.25,0.11128834355828221,0.3804257907542579,0.250462786259542,0.5902762430939227,0.2706201192441158,0.11099635810186444,0.6244321970625282,0.35855002951887016
0.5,0.5499682837881094,0.7664089945401035,0.4817987330087261,0.5685919973212791,0.5857035078525985,0.13345285678540159,0.025877921055953018,0.34416863789078045
0.5,0.5499682837881094,0.5952635023135626,0.5261023308484589,0.5685919973212791,0.2382092601095483,0.19426311298542517,0.28221366514153895,0.3553979840482724
0.5,0.5499682837881094,0.94172452778132,0.6706612824483683,0.5685919973212791,0.5966113175513252,0.6936216088265423,0.4895434029349356,0.9103625143203199
1.0,0.9132340052585451,0.7439172749391728,0.6025763358778625,0.5607734806629835,0.22670997643907403,0.07428747440705913,0.5027262058570432,0.6605594904364293
0.5,0.5499682837881094,0.6504476505474452,0.4687067832200582,0.5685919973212791,0.3924081160874864,0.0,0.4455771428318477,0.49034675342036016
0.75,0.4574934268185802,0.739051094890511,0.428912213740458,0.7430939226519337,0.5775138347184834,0.03261401315431864,0.5027262058570432,0.4728132306488012
0.75,0.684487291849255,0.8807785888077859,0.5610687022900762,0.7541436464088398,0.12886672344957892,0.1159609356597996,0.5027262058570432,0.6757289154140235
0.25,0.51943032427695,0.5159914841849149,0.7106536259541985,0.5235359116022099,0.18443453188519832,0.5437118370748855,0.6515100565950631,0.7261623283265447
0.5,0.5499682837881094,0.6577967147177433,0.4331943301754141,0.5685919973212791,0.28638915938531123,0.17499424111760795,0.6563931970872379,0.6428289644002315
0.75,0.13321647677475898,0.7500000000000001,0.17652671755725188,0.5069060773480663,0.16585624592121734,0.10146581870232466,0.5027262058570432,0.3455476652523608
1.0,0.6362839614373357,0.8832116788321168,0.5644083969465649,0.4613259668508288,0.09784325298949512,0.05616857821021543,0.5027262058570432,0.5821512937989938
0.5,0.5499682837881094,0.8234880556445316,0.8073843844974331,0.5685919973212791,0.412810207951769,0.8412744560420721,0.25299133107021093,0.7641843987907401
1.0,0.4864154250657319,0.7183698296836983,0.33874045801526714,0.7251381215469613,0.6753570877079784,0.3116450145857114,0.5027262058570432,0.3284081850828713
0.5,0.5499682837881094,0.7737413810117396,0.30937847745327524,0.5685919973212791,0.24087341279527227,0.2481509750979834,0.3770317843546054,0.3150117737051946
1.0,0.38825591586327785,0.6502433090024331,0.15839694656488548,0.4917127071823204,0.3006890213823508,0.10871337718106212,0.5027262058570432,0.29472024130146046
0.75,0.47239263803680986,0.7469586374695864,0.20276717557251905,0.7265193370165747,0.3603495414978966,0.14132739033538078,0.5027262058570432,0.43085105506142996
0.25,0.3724276950043821,0.32694647201946475,0.2652862595419847,0.8128729281767957,0.48132914418820044,0.14661810802485914,0.28130824076554367,0.2391646848900113
1.0,0.6853637160385627,0.475669099756691,0.3821564885496183,0.5773480662983426,0.042955574483192975,0.13770361109601204,0.5027262058570432,0.495468865355598
0.25,0.681489921121823,0.6576216545012166,0.6485830152671754,0.6467265193370165,0.26491657352106956,0.22240945081625627,0.7634406150794781,0.8561859709916385
0.5,0.5499682837881094,0.8835272632376096,0.6398883370952767,0.5685919973212791,0.2895314222014361,0.08176872821447881,0.28062069307270726,0.603821880618899
0.0,0.3815950920245399,0.5937895377128954,0.17413167938931298,0.5079005524861878,0.24870084415366422,0.19410773495678643,0.31784710783838777,0.23857366833244265
0.5,0.5499682837881094,0.7537037061658821,0.47281125688370845,0.5685919973212791,0.20543558411011598,0.2170703052811328,0.4167962969676018,0.52068556504821
0.0,0.6108851884312007,0.7499209245742092,0.468148854961832,0.6774723756906077,0.1738984840327929,0.3174611802648983,0.8353699196954238,0.8451536619170247
0.25,0.5798159509202454,0.48124695863746964,0.353229961832061,0.7728453038674034,0.2991975083794622,0.20938196445072565,0.4597194754270276,0.4665090540347361
0.75,0.6450482033304119,0.8090024330900244,0.42414122137404575,0.7679558011049724,0.13602598586344444,0.21742675436212425,0.5027262058570432,0.646178087535593
1.0,0.7344434706397897,0.7871046228710463,0.4689885496183206,0.47651933701657456,0.22074392442751947,0.06160424706926854,0.5027262058570432,0.5084712296221073
0.25,0.4476424189307625,0.3601277372262774,0.5127576335877863,0.34331491712707185,0.23373798570868534,0.24706926854016054,0.4240326689730247,0.37076437170862153
1.0,0.9018404907975459,0.8850364963503651,0.6087786259541984,0.5124309392265194,0.3114279150031491,0.14857494881411826,0.5027262058570432,0.8758865229105924
0.75,0.7835232252410167,0.9020681265206814,0.6316793893129771,0.8052486187845304,0.22432355563445222,0.4348535087242485,0.5027262058570432,0.8341213528424106
0.25,0.7183085013146363,0.6402007299270073,0.6800524809160304,0.7093093922651934,0.28923420152016605,0.4755847873747531,0.6511481445596357,0.8345153638807897
0.0,0.2426643295354952,0.7206082725060827,0.43916507633587787,0.4586602209944751,0.14286308146868598,0.16096827381275933,0.3963877189282844,0.38396374149432044
0.5,0.5499682837881094,0.8048117160797141,0.7101203535349332,0.5685919973212791,0.20602983464110355,0.4657320388667047,0.378317589882313,0.6686366956807414
0.75,0.7695004382120947,0.9051094890510949,0.6493320610687022,0.8812154696132597,0.39733906396953506,0.5345074378068888,0.5027262058570432,0.9353821897058322
0.5,0.5499682837881094,0.9081576862474452,0.4900934473248855,0.5685919973212791,0.4038590404029196,0.05961531623262488,0.22304962532504546,0.4456264539703161
0.25,0.3545749342681858,0.47090024330900243,0.2114217557251908,0.42895027624309395,0.2279389831534543,0.21164682647533112,0.470209225052292,0.3006304068771466
0.0,0.6906660823838738,0.484330900243309,0.5164790076335878,0.35750000000000004,0.06495837430180627,0.044028917758330156,0.6912120918515647,0.6040189064290323
1.0,0.588957055214724,0.7585158150851583,0.31345419847328243,0.31077348066298344,0.12290067143802434,0.11958471489916835,0.5027262058570432,0.3946020395305553
0.25,0.7442331288343558,0.605456204379562,0.6381965648854961,0.5032044198895027,0.38526377469814854,0.1581417260060517,0.8496982166570727,0.9011032293668529
0.0,0.7970464504820333,0.7819221411192214,0.6041841603053435,0.823549723756906,0.6194193840476427,0.5810186443441866,0.46773853422775946,0.8223010216910384
0.0,0.6054075372480281,0.754367396593674,0.43826812977099233,0.7384806629834254,0.21956264612923165,0.09276874852783969,0.7206295559595798,0.7454688692071193
0.25,0.3993777388255916,0.4176094890510949,0.4180152671755725,0.7076104972375691,0.28259995168331736,0.19515863093620336,0.784183589141499,0.6428289937093711
1.0,0.3593339176161262,0.3479318734793187,0.13120229007633588,0.4046961325966851,0.21119824120903213,0.15401061767317137,0.5027262058570432,0.27423166730574866
0.5,0.5499682837881094,0.8706433059525304,0.5383736645902385,0.5685919973212791,0.07758209874593955,0.11685079625490388,0.41630820043333405,0.5037430971615583
0.25,0.7343996494303242,0.6113625304136253,0.6654961832061068,0.643121546961326,0.14509438492100737,0.3226613034733924,0.6114945542212622,0.7456658747263089
1.0,0.6292725679228747,0.6678832116788322,0.2352099236641221,0.537292817679558,0.2744383925315107,0.2609121052345491,0.5027262058570432,0.5464932948256876
0.25,0.5029447852760737,0.5811678832116789,0.5865601145038167,0.5596685082872929,0.1791128134908916,0.20169955246326393,0.6168662407313473,0.6355397894993581
1.0,0.8063102541630149,0.8327250608272506,0.5529580152671756,0.4930939226519337,0.2231303452321413,0.10146581870232466,0.5027262058570432,0.7389676870738647
0.75,0.22173531989482909,0.28832116788321166,0.12356870229007633,0.5994475138121547,0.18852724356512474,0.18300085158812127,0.5027262058570432,0.2572891926554486
1.0,0.708150744960561,0.8272506082725062,0.5644083969465649,0.26933701657458564,0.09903646339180604,0.1920602996865431,0.5027262058570432,0.5279747760218715
0.75,0.21735319894829097,0.6654501216545013,0.170324427480916,0.5607734806629835,0.15750377310504093,0.17937707234875253,0.5027262058570432,0.19680849826426106
0.5,0.5499682837881094,0.8315346826892093,0.6274691292347805,0.5685919973212791,0.113477545857322,0.028753694781286806,0.2220209809028822,0.4929078274243731
0.75,0.5276073619631901,0.7402676399026765,0.3062977099236641,0.3674033149171271,0.10261609459873877,0.13770361109601204,0.5027262058570432,0.4038612989324636
0.75,0.2357581069237511,0.6843065693430658,0.34828244274809156,0.0,0.09426362178256237,0.1105252668007465,0.5027262058570432,0.2171000667407832
1.0,0.9833479404031552,0.7767639902676399,0.6860687022900762,0.6077348066298343,0.3078482837962163,0.5200123208494138,0.5027262058570432,0.5392040906156749
0.75,0.6196319018404908,0.8619221411192215,0.4847328244274809,0.8798342541436465,0.4343285864411734,0.0525447989708467,0.5027262058570432,0.6656816339353572
0.75,0.1936897458369851,0.5273722627737226,0.0625,0.5386740331491713,0.2088118204044103,0.17937707234875253,0.5027262058570432,0.2901891143601012
0.25,0.1383085013146363,0.11264598540145986,0.18794847328244274,0.27157458563535913,0.30902956209450416,0.23581743400192057,0.6214371612417857,0.22438927095079597
1.0,0.7975460122699387,0.8771289537712895,0.5481870229007634,0.7127071823204421,0.13005993385188985,0.09784203946295592,0.5027262058570432,0.7147360082135515
1.0,0.6336546888694128,0.8746958637469586,0.26288167938931295,0.7016574585635359,0.3579631206932748,0.04167346125274048,0.5027262058570432,0.5059101578726434
0.5,0.5499682837881094,0.2627022691306697,0.14572744151108158,0.5685919973212791,0.23493853520000088,0.17333444815322607,0.4299199381790325,0.1579983884384295
1.0,0.7230499561787905,0.7493917274939174,0.5543893129770991,0.6381215469613261,0.09903646339180604,0.009059448098421845,0.5027262058570432,0.6652876228969781
0.5,0.5499682837881094,0.717574154953595,0.22867796871498328,0.5685919973212791,0.21891699183134014,0.20920158715560871,0.4163601761917849,0.3628841208803836
0.75,0.7510955302366346,0.8734793187347932,0.6512404580152671,0.5773480662983426,0.1801747707489483,0.14132739033538078,0.5027262058570432,0.7383766705162961
0.0,0.5330411919368975,0.5912408759124088,0.4748759541984732,0.8239917127071824,0.20273837945664774,0.24701491185157,0.7016989917757627,0.7044917212156959
0.5,0.5499682837881094,0.8636986397188626,0.7377191240550905,0.5685919973212791,0.4684290847994195,0.24576251262429744,0.5384605408714956,0.8471237231210517
0.0,0.6391411042944786,0.23456204379562046,0.3539599236641221,0.5604558011049724,0.06618738101618651,0.6945154101212154,0.3610086801894481,0.31599683737393036
0.0,0.19773882559158631,0.2502068126520681,0.00765267175572519,0.5946685082872928,0.39528674207756026,0.12641553876537842,0.7065349344853725,0.3150118097779827
0.75,0.5284837861524978,0.7062043795620438,0.48854961832061067,0.5939226519337016,0.0369895224716384,0.3188925730644489,0.5027262058570432,0.4940898267212711
0.75,0.5390008764241893,0.9257907542579076,0.3983778625954198,0.7472375690607735,0.1933000851743684,0.1340798318566433,0.5027262058570432,0.5886524759322486
0.75,0.7607361963190185,0.9671532846715329,0.64456106870229,0.9433701657458564,0.3388717542563001,0.7392509648312224,0.5027262058570432,0.9578408188934394
0.75,0.3523225241016652,0.5523114355231145,0.125,0.3052486187845304,0.184947612358192,0.08878259136453408,0.5027262058570432,0.21296295083780292
0.5,0.5499682837881094,0.7215957281943369,0.6426103583729007,0.5685919973212791,0.3184030687807205,0.28148312664652386,0.34782813437945476,0.6140661766349523
1.0,0.8010517090271692,0.8698296836982968,0.6526717557251909,0.4848066298342541,0.2887569173592417,0.17575329310938378,0.5027262058570432,0.7393616981122436
0.25,0.5223488168273445,0.4925486618004866,0.4168416030534351,0.5147651933701658,0.10592128741314001,0.19229584533710206,0.824350125671817,0.664893611858599
1.0,0.8352322524101665,0.9263990267639902,0.6001908396946565,0.7790055248618784,0.1718222979327719,0.10327770832200903,0.5027262058570432,0.6747438878180759
0.0,0.785863277826468,0.7820316301703164,0.6239599236641221,0.8073204419889504,0.26548931451417884,0.40839992027685673,0.5945217346700331,0.8360914080343061
1.0,0.5293602103418055,0.8035279805352799,0.3878816793893129,0.6312154696132597,0.44148784885503894,0.3025855664872896,0.5027262058570432,0.47064616993771635
0.0,0.2603593339176161,0.4699817518248175,0.033110687022900764,0.6587292817679559,0.23132770069601727,0.28336141762243844,0.4417578096057724,0.22695034270026004
0.25,0.5715425065731814,0.5445316301703162,0.33103053435114504,0.6433977900552487,0.355254533080029,0.2951930568389774,0.7111998951310007,0.6499211924001943
0.75,0.796669588080631,0.7366180048661801,0.586354961832061,0.6837016574585636,0.21358466201365395,0.2790310014313928,0.5027262058570432,0.618991325887437
0.75,0.7957931638913234,0.891727493917275,0.6168893129770991,0.7182320441988951,0.11693461942646978,0.3188925730644489,0.5027262058570432,0.7478329354373937
0.5,0.5499682837881094,0.6128246476760463,0.4296740161553592,0.5685919973212791,0.09961885963639598,0.048331107434436776,0.33994629936448817,0.33156025911109155
0.0,0.7846888694127958,0.8330170316301704,0.6373854961832061,0.8532734806629835,0.5476955067647336,0.5200666775380044,0.46937996204198174,0.8366824245918746
0.25,0.1719982471516214,0.5534124087591241,0.16564408396946564,0.6029419889502762,0.32338388323430445,0.11672192930006704,0.3378548590252882,0.20606775766616914
0.25,0.4122348816827344,0.5345316301703164,0.3874856870229007,0.7576519337016575,0.2586164225968679,0.21302386258629122,0.5432271154755867,0.5094562572180549
0.25,0.6235144609991236,0.43467153284671534,0.5320038167938931,0.520842541436464,0.140023240711186,0.3325723396930659,0.9205902300848642,0.8047675304831697
0.25,0.776906222611744,0.43913625304136256,0.6486068702290075,0.34762430939226524,0.22460992613100683,0.1398054030548459,0.5760870184717624,0.618991325887437
0.25,0.5221472392638037,0.26256082725060825,0.46624045801526715,0.32531767955801105,0.046964761434957654,0.1480313819282129,0.6712613346859915,0.46335696572770346
0.25,0.262760736196319,0.3669282238442823,0.13124522900763358,0.2128729281767956,0.21799954050220435,0.3340580891812071,0.5493482733661239,0.2488179553302985
0.5,0.5499682837881094,0.8894846097106205,0.6983686835711258,0.5685919973212791,0.27623219061989535,0.4554060101563099,0.5117009745025903,0.8270291135697013
0.25,0.5616389132340053,0.3800304136253042,0.41071564885496176,0.19388121546961326,0.09298688665208968,0.06551792864778677,0.47021777415549104,0.3284081850828713
0.5,0.5499682837881094,0.8395550604864356,0.6495018610517509,0.5685919973212791,0.3881471217947952,0.016243257249091335,0.4914786676456996,0.6845942073655044
0.75,0.8124452234881683,0.9422141119221411,0.6774809160305343,0.9116022099447515,0.3054618629915945,0.6468445942273197,0.5027262058570432,0.944444443588551
0.25,0.2901665205959684,0.4614476885644769,0.12193702290076333,0.5404696132596685,0.6142527830056365,0.6666666666666666,0.6011244920407849,0.465721031957978
0.75,0.5907099035933392,0.7597323600973237,0.44561068702290074,0.7320441988950277,0.10977535701260427,0.06160424706926854,0.5027262058570432,0.5851063765868368
0.25,0.14326906222611743,0.5251399026763991,0.14929389312977098,0.38044198895027626,0.25133783914277136,0.24726857639832583,0.5078993713559447,0.27186760107547436
0.25,0.5672042068361086,0.5335583941605839,0.5557824427480915,0.3299585635359116,0.05616441363677482,0.22373213023862587,0.5591569444365286,0.5311268643289039
0.0,0.846082383873795,0.5825669099756692,0.5938024809160305,0.45867403314917127,0.2214240543568367,0.14236016741860086,0.5389354656696512,0.6483451482466779
0.5,0.5499682837881094,0.3537368165315505,0.19154447408122852,0.5685919973212791,0.37212764093171813,0.11081123744727944,0.5192785644896498,0.21690304356095702
0.75,0.607361963190184,0.9081508515815087,0.39074427480916024,0.7941988950276243,0.11454819862184794,0.05616857821021543,0.5027262058570432,0.6298266294428615
0.75,0.6275197195442594,0.9288321167883211,0.5710877862595419,0.48342541436464087,0.031023470460083816,0.010871337718106213,0.5027262058570432,0.6420409716326129
1.0,0.7256792287467134,0.8576642335766423,0.5729961832061069,0.27486187845303867,0.0966500425871842,0.03623779239368738,0.5027262058570432,0.6038219009098428
0.0,0.7113058720420683,0.7353406326034064,0.5065171755725191,0.8337292817679559,0.27730209749705687,0.4449638528020873,0.5678998273081153,0.7470449133606357
0.0,0.47226993865030675,0.7461557177615572,0.4572853053435114,0.657596685082873,0.20259519420837044,0.5588592342954467,0.43921302655351446,0.5624507418800403
0.5,0.5499682837881094,0.3117815276422062,0.111375018271781,0.5685919973212791,0.34265479175521224,0.1317454911261528,0.49961134514458816,0.25157603823532526
0.75,0.7703768624014022,0.7311435523114356,0.5505725190839694,0.18093922651933703,0.0,0.07972314326611223,0.5027262058570432,0.5250196932340282
0.25,0.5689307624890447,0.6355048661800486,0.5197041984732824,0.6844337016574586,0.7003667777404153,0.05133083292565817,0.6414734094393498,0.7448778526495509
1.0,0.8755477651183172,0.9245742092457422,0.6202290076335878,0.7790055248618784,0.44745390086659353,0.2735953325723397,0.5027262058570432,0.7945232434853139
1.0,0.9106047326906221,0.9051094890510949,0.6173664122137404,0.31906077348066303,0.18852724356512474,0.05435668859053106,0.5027262058570432,0.6954294673329772
0.5,0.5499682837881094,0.7627235856949575,0.40920764094090645,0.5685919973212791,0.23090222955431092,0.1799784258789096,0.4684979087716392,0.5392040567974358
1.0,0.558282208588957,0.6824817518248176,0.27385496183206104,0.8411602209944752,0.2768248133361325,0.11233715642043086,0.5027262058570432,0.3953900616073135
0.5,0.5499682837881094,0.7430383178729503,0.5353502644837356,0.5685919973212791,0.11854360186587036,0.17862187509522387,0.014058633584069016,0.21138691307217683
0.5,0.5499682837881094,0.687119371989635,0.5128757302997662,0.5685919973212791,0.3155453961746062,0.06797091875070936,0.3894098961575543,0.49881794039391003
1.0,0.708150744960561,0.8023114355231143,0.7156488549618321,0.680939226519337,0.16943587712815006,0.17575329310938378,0.5027262058570432,0.6556343524566909
0.5,0.5499682837881094,0.8721929542049576,0.6453637175887595,0.5685919973212791,0.10512990122447376,0.06680967385890091,0.6050718575969952,0.7714736383220241
0.5,0.5499682837881094,0.7770628534674332,0.3762154463138287,0.5685919973212791,0.28036632303901227,0.15878175289938395,0.32308162650357064,0.4690701024871903
0.0,0.7137949167397021,0.556271289537713,0.48689885496183205,0.6654834254143647,0.16793243202123834,0.3861499157471327,0.932866742278735,0.8853427878316901
0.5,0.5499682837881094,0.8441465034392033,0.6826924913712118,0.5685919973212791,0.1548337343128665,0.312555359194847,0.4780016592189653,0.7385736587506074
0.5,0.5499682837881094,0.888044381663747,0.7094929691489408,0.5685919973212791,0.3776180663540766,0.4005369814615807,0.5157749227748394,0.8496847971250646
0.0,0.7937160385626644,0.804507299270073,0.6327719465648854,0.8742679558011051,0.5466216174026538,0.5971444619593774,0.6050428310070274,0.9326241124371787
1.0,0.5153374233128835,0.4653284671532847,0.36020992366412213,0.6878453038674033,0.23864208046218321,0.15401061767317137,0.5027262058570432,0.2604412809624811
0.25,0.6967922874671341,0.7078710462287106,0.6878721374045801,0.8002900552486187,0.4315961346198814,0.8054392926382924,0.6870087827786866,0.9521276588369428
0.25,0.4655477651183173,0.45986618004866187,0.23299141221374045,0.5995580110497238,0.31021084039279195,0.24476816872316134,0.5877451455342334,0.4537036952874163
0.0,0.45161262050832607,0.2322019464720195,0.30772423664122134,0.5495303867403315,0.315902454011815,0.1538656665035966,0.5547085610719436,0.3687943165167261
0.5,0.5499682837881094,0.9368897354515815,0.6887270635320943,0.5685919973212791,0.2929125978409976,0.6932498830246598,0.5988936045002194,0.9408983171885487
1.0,0.8904469763365469,0.8972019464720196,0.6564885496183205,0.7348066298342542,0.2911433381638635,0.40948705404866736,0.5027262058570432,0.8969661134638728
0.5,0.5499682837881094,0.7823411275580535,0.4774906480585353,0.5685919973212791,0.1791157547831632,0.2539085131427117,0.5590465421532113,0.6530732604162829
1.0,0.7659947414548641,0.8862530413625305,0.6836832061068702,0.6270718232044199,0.3340989126470565,0.2319218713195992,0.5027262058570432,0.827226159670777
0.0,0.13308501314636284,0.4690693430656935,0.22201335877862594,0.6473204419889503,0.2406108776259962,0.32472685763983256,0.3102327065890788,0.18951929405424806
0.0,0.6685013146362839,0.6580413625304137,0.6489074427480915,0.8739502762430938,0.2570413848658175,0.5892989799061441,0.6116341895735137,0.8195429444223848
1.0,0.7055214723926381,0.8680048661800487,0.45801526717557245,0.212707182320442,0.07636546574789863,0.08515881212516534,0.5027262058570432,0.39676910024164025
0.0,0.3845135845749343,0.5787834549878346,0.08991889312977099,0.6433977900552487,0.6003996102348067,0.7234512873475748,0.5077426377972951,0.465721031957978
0.5,0.5499682837881094,0.7347281106777129,0.507909321147977,0.5685919973212791,0.3027902215614617,0.10921670844241271,0.3672949243291804,0.4889677207981632
0.5,0.5499682837881094,0.7681209965633942,0.7403028830317128,0.5685919973212791,0.4468164799601271,0.532575509048421,0.06441838757187372,0.5474783464701601
0.75,0.5328659070990359,0.7712895377128954,0.3726145038167939,0.8342541436464088,0.21358466201365395,0.12864416299759018,0.5027262058570432,0.7267533448841134
0.0,0.7156704645048203,0.57588199513382,0.42467557251908394,0.7140469613259669,0.09766427142914848,0.050388650323422296,0.4365229087468725,0.4820724900507093
0.5,0.5499682837881094,0.5754368728674824,0.2692296589148864,0.5685919973212791,0.28195377668953325,0.0929619528837709,0.5713837527710778,0.39440506782960505
0.25,0.03922874671340929,0.3502189781021898,0.2648234732824427,0.5616436464088398,0.2426751316219941,0.28138645793698247,0.46911778954387684,0.24093773456271705
0.25,0.47768624014022787,0.4625425790754258,0.5361307251908396,0.48794198895027624,0.06729706669033567,0.3245819064702578,0.5542440597981271,0.5118203234483295
1.0,0.50920245398773,0.5979318734793188,0.24427480916030533,0.5953038674033149,0.44387426965966076,0.09603014984327155,0.5027262058570432,0.3577620074421122
0.0,0.7825065731814198,0.7786922141119222,0.6342748091603053,0.8504972375690607,0.5680874725402272,0.576434563606385,0.6090153142935306,0.9229708419968915
0.75,0.42506573181419804,0.45437956204379565,0.3439885496183206,0.744475138121547,0.20523218919747754,0.1685057346306463,0.5027262058570432,0.2949172468206501
0.0,0.8985539000876425,0.6204379562043796,0.726078244274809,0.7493370165745856,0.3711480956388104,0.8916308818466778,0.4435360230711798,0.8087076408669606
0.5,0.5499682837881094,0.842073610519258,0.6128608156706535,0.5685919973212791,0.24098605049241223,0.21612742364863474,0.41500554524798383,0.6158391917379039
0.5,0.5499682837881094,0.7826506076357969,0.7302593297630772,0.5685919973212791,0.17613696331471052,0.4954290641431755,0.494950240657255,0.7192671081003205
0.25,0.16476774758983348,0.49072992700729934,0.02700858778625954,0.21549723756906078,0.30376750422031296,0.1100722943958254,0.6898157383290492,0.311071699394192
0.0,0.24928133216476775,0.08512773722627737,0.09956106870229008,0.5034944751381216,0.19903942720948392,0.19443387508832963,0.35298677168764997,0.0287627903955866
1.0,0.40578439964943036,0.7074209245742094,0.13692748091603052,0.19751381215469613,0.12886672344957892,0.1395155007156964,0.5027262058570432,0.13534277627712565
0.25,0.4584049079754601,0.5783211678832118,0.5090076335877862,0.5617679558011051,0.20388386144286622,0.1873312677791669,0.5885088654200175,0.5756501116657392
1.0,0.2147239263803681,0.6757907542579076,0.33206106870229,0.5883977900552486,0.25654023649684693,0.07428747440705913,0.5027262058570432,0.5066981799494014
0.75,0.4005258545135846,0.661800486618005,0.2619274809160305,0.9613259668508287,0.3054618629915945,0.11777282527948398,0.5027262058570432,0.3427895879837073
0.25,0.7013935144609991,0.45908150851581514,0.5958301526717558,0.08041436464088399,0.0,0.07477668460437391,0.5131912662361718,0.46099289949742916
0.75,0.7177914110429447,0.8947688564476887,0.6669847328244274,0.7555248618784531,0.3472242270724765,0.24098131941802106,0.5027262058570432,0.8260441265556396
1.0,0.6914986853637161,0.7554744525547445,0.3788167938931298,0.5939226519337016,0.11096856741491519,0.1340798318566433,0.5027262058570432,0.7013396329086633
0.25,0.30457493426818577,0.5424939172749392,0.5220706106870229,0.60896408839779,0.14825639248713132,0.19512239314380966,0.18204745322215699,0.2523640546757102
1.0,0.8641542506573181,0.9653284671532847,0.6393129770992366,0.8232044198895028,0.18256119155357015,0.712072620535957,0.5027262058570432,1.0
0.0,0.18039439088518844,0.629720194647202,0.12439885496183206,0.5366988950276244,0.224299691426406,0.22380460582341324,0.41729597565215404,0.2565011705786905
0.0,0.7983085013146363,0.7841058394160584,0.6353578244274808,0.9113259668508288,0.43268195608598436,0.7944048848544146,0.5820827895153798,0.920212764728238
0.5,0.5499682837881094,0.7637379523321352,0.4160314627731121,0.5685919973212791,0.33826129925903403,0.13992005686089398,0.7310369766139595,0.740937741514243
0.0,0.8686327782646801,0.7646715328467154,0.6062690839694655,0.6852900552486187,0.12773317356738356,0.327227265314997,0.3863539214736374,0.6489361648042465
0.25,0.5465907099035934,0.5354318734793188,0.5970515267175572,0.5391022099447513,0.4948720822544293,0.16453769636353754,0.5771385581652484,0.6524822641496583
0.5,0.5499682837881094,0.9102555232036436,0.6878024521674808,0.5685919973212791,0.5879832521701825,0.48092635801790506,0.3919944841670381,0.792159221594508
0.0,0.27213847502191063,0.4032238442822385,0.3237881679389313,0.5727348066298342,0.1478149046382763,0.21173742095631534,0.3854990111537299,0.25531913746355317
0.5,0.5499682837881094,0.8706240903432056,0.5283173713975287,0.5685919973212791,0.193717583101906,0.20128782076596363,0.6955228580832796,0.7765957863300518
0.75,0.5065731814198071,0.7481751824817519,0.4079198473282442,0.6187845303867403,0.326939650233191,0.04167346125274048,0.5027262058570432,0.5849093710676473
0.25,0.5659947414548642,0.4947019464720195,0.4934971374045801,0.21709944751381213,0.24743604112721465,0.07861789059810476,0.5547826532996688,0.48936169426072207
1.0,0.3418054338299737,0.5997566909975669,0.09732824427480914,0.6823204419889503,0.23506244925525047,0.25004076751644294,0.5027262058570432,0.3492907701169621
0.75,0.5433829973707275,0.7913625304136253,0.31345419847328243,0.32044198895027626,0.20403897879516666,0.0,0.5027262058570432,0.5805752496454774
0.5,0.5499682837881094,0.5553651900187025,0.14590109406991744,0.5685919973212791,0.24906182666304819,0.12181691851174103,0.35793174622726076,0.18735224386439275
0.0,0.6930324276950044,0.6076824817518248,0.4122232824427481,0.6709116022099447,0.13770841253070282,0.3277708322009023,0.6300233105547227,0.6465720985739721
0.25,0.3062226117440841,0.4401946472019465,0.5527242366412213,0.3880939226519337,0.0745040575202936,0.1687593991774021,0.3205172777375653,0.2813238659965721
0.25,0.7138913234005259,0.7065510948905109,0.7077337786259541,0.7459668508287293,0.5365031931910571,0.5391096374408871,0.5218657562821659,0.8301812424586198
0.5,0.5499682837881094,0.7190541919420499,0.4340574884687671,0.5685919973212791,0.09337824225877703,0.163035567198045,0.6799426319067065,0.6520882102748443
0.25,0.7460122699386502,0.6719951338199514,0.6891364503816794,0.7850414364640884,0.565665255423536,0.5858020329401532,0.6320408989097044,0.9101654832495715
0.25,0.48596844872918493,0.5804987834549878,0.2673854961832061,0.555414364640884,0.45857462181613123,0.08628218368936964,0.5564839248362846,0.4909377384142385
0.0,0.2796669588080631,0.2152433090024331,0.1367604961832061,0.6691988950276243,0.21788021946197328,0.14513235853671794,0.3718004981277464,0.12746255550954422
0.5,0.5499682837881094,0.8793868432659855,0.6163110032336402,0.5685919973212791,0.18908323973825197,0.10745919840885108,0.41866178507192364,0.6461780973053056
0.75,0.6021034180543383,0.7019464720194647,0.4670801526717557,0.106353591160221,0.06562657212710038,0.2446050986573898,0.5027262058570432,0.5126083455250875
0.0,0.6930850131463628,0.5590997566909975,0.3970562977099236,0.12769337016574586,0.29601163660529206,0.004112989436683517,0.49444878232273437,0.44444443588550797
0.5,0.5499682837881094,0.6496050642064598,0.26740432354330107,0.5685919973212791,0.530811948706481,0.11712293528890218,0.3771072681031534,0.3664302450258369
0.25,0.43609991235758105,0.5525304136253041,0.40682251908396944,0.6363812154696132,0.5792559219058573,0.292801362540994,0.42762044261556953,0.49310479912532335
0.25,0.706091148115688,0.6592639902676399,0.6919751908396946,0.7507596685082872,0.39214859871948254,0.38680219601021903,0.6739115566777045,0.8719464125268016
1.0,0.6993865030674847,0.8527980535279805,0.5343511450381679,0.6878453038674033,0.25654023649684693,0.10871337718106212,0.5027262058570432,0.6294326184044824
0.75,0.34268185801928136,0.5778588807785888,0.14694656488549618,0.6243093922651934,0.2625062885084015,0.26453588447391785,0.5027262058570432,0.32643812989097576
0.75,0.0,0.49452554744525545,0.12213740458015267,0.4903314917127072,0.283984075749998,0.09603014984327155,0.5027262058570432,0.3699763496318632
0.0,0.31827344434706395,0.4821958637469587,0.11405534351145037,0.31653314917127073,0.20810782626704688,0.3605660343171894,0.4643701875673242,0.2488179553302985
1.0,0.7370727432077125,0.8576642335766423,0.469942748091603,0.649171270718232,0.11812782982878069,0.06160424706926854,0.5027262058570432,0.6761229264524026
0.5,0.5499682837881094,0.24093832557798908,0.3707791671498129,0.5685919973212791,0.5890446957761588,0.27422429478906524,0.2088812373976558,0.15149720780820874
0.5,0.5499682837881094,0.7413445162947142,0.49390518710813447,0.5685919973212791,0.15132260304135586,0.0852477515191553,0.5353703272484198,0.5953506936453491
0.75,0.6801051709027169,0.9349148418491484,0.5772900763358778,0.4889502762430939,0.14079882747268807,0.025366454675581164,0.5027262058570432,0.6855791913735004
1.0,0.7142857142857142,0.920316301703163,0.5209923664122137,0.42955801104972374,0.0966500425871842,0.007247558478737475,0.5027262058570432,0.45665877807525923
0.25,0.557134092900964,0.5338077858880779,0.7715362595419847,0.5962154696132597,0.19049604072893772,0.42885615408309324,0.5563385900819005,0.6985815556400098
0.75,0.25854513584574934,0.6368613138686131,0.2681297709923664,0.6947513812154696,0.2636994989107124,0.14857494881411826,0.5027262058570432,0.33175727890909323
1.0,0.5004382120946538,0.6897810218978102,0.2146946564885496,0.4033149171270718,0.18256119155357015,0.13045605261727455,0.5027262058570432,0.3916469567427123
0.25,0.4644084136722173,0.1505413625304136,0.2584780534351145,0.5494198895027624,0.22828501417012445,0.22799007084488412,0.6498629293787082,0.3841607470135099
0.0,0.5342156003505697,0.38987226277372267,0.35056774809160307,0.5758425414364641,0.0855770500537389,0.15484408689822615,0.6056042221171,0.45705278911363834
0.75,0.22348816827344434,0.3266423357664234,0.15839694656488548,0.11740331491712708,0.22790318684138497,0.06522802630863728,0.5027262058570432,0.1849881671128888
0.5,0.5499682837881094,0.6717834304429016,0.40955542949319795,0.5685919973212791,0.11684690654033313,0.1263255518195666,0.3664437448495956,0.2171000817711125
0.5,0.5499682837881094,0.7467269172343614,0.39778462120594843,0.5685919973212791,0.2691414031069014,0.1095789642540994,0.6026260074943832,0.6166272506389651
0.0,0.5533041191936897,0.49390510948905114,0.38238549618320605,0.34183701657458565,0.33779786489422037,0.08590168686923592,0.694531993593872,0.5705279681668113
0.5,0.5499682837881094,0.8982184304518127,0.6301905248911307,0.5685919973212791,0.1179975446226635,0.3320268200047345,0.2932139097792593,0.5748621016132444
0.25,0.6675810692375109,0.39041362530413626,0.5356297709923663,0.3622651933701658,0.28270734061952535,0.055461941258538525,0.4972186917592344,0.47990542933962443
0.75,0.6652059596844873,0.8746958637469586,0.5305343511450382,0.824585635359116,0.1491513002888645,0.11414904604011523,0.5027262058570432,0.736209609805211
0.75,0.8659070990359334,0.8892944038929441,0.6173664122137404,0.7638121546961327,0.09426362178256237,0.27178344295265533,0.5027262058570432,0.6347517674226001
0.0,0.5031288343558282,0.6715024330900243,0.36756679389312974,0.7348895027624309,0.5727171289011935,0.27984635176025074,0.3731284588246693,0.504334113719127
0.25,0.15200701139351447,0.06713503649635037,0.18238072519083967,0.22693370165745858,0.3730930285945772,0.1288615897519523,0.5177906837572738,0.13140266589333494
0.0,0.64091148115688,0.7648722627737227,0.5473425572519084,0.29477900552486186,0.03151268672503129,0.018680581978945843,0.6035410385450566,0.6185973148490581
0.75,0.6012269938650308,0.8394160583941606,0.5477099236641221,0.44751381215469616,0.1264803026449571,0.1974959685455962,0.5027262058570432,0.5496453831327203
1.0,0.2348816827344435,0.4245742092457421,0.0,0.7720994475138122,0.2899501277615526,0.4892101973147796,0.5027262058570432,0.38908588499324837
0.5,0.5499682837881094,0.8352752729634002,0.5886204370105533,0.5685919973212791,0.2512387301850105,0.1286150350087025,0.5638475395642721,0.7405437590334886
0.75,0.6415425065731815,0.8521897810218979,0.5586832061068702,0.35773480662983426,0.07278583454096588,0.03986157163305611,0.5027262058570432,0.5766351392616867
0.25,0.6936985100788782,0.6424148418491484,0.6199761450381679,0.7343093922651934,0.3071084933467836,0.0658621876755268,0.41794855719635005,0.6057919561017381
0.5,0.5499682837881094,0.9328002187167337,0.7712133513152146,0.5685919973212791,0.4319567673226291,0.572491591969986,0.5552490505621862,0.9542947548692989
1.0,0.7747589833479404,0.8746958637469586,0.575381679389313,0.6671270718232044,0.1396056170703772,0.09059448098421845,0.5027262058570432,0.6873522410462062
0.0,0.08002629272567922,0.6242457420924574,0.03963740458015267,0.4701243093922652,0.2657160244906179,0.28270913735935205,0.7759137566469277,0.4487785573076778
0.75,0.7852760736196319,0.9245742092457422,0.7519083969465649,0.8729281767955801,0.23386923885293956,0.5816165679186824,0.5027262058570432,0.8307722590161885
0.75,0.4846625766871166,0.8211678832116789,0.469942748091603,0.6850828729281768,0.13841240666806626,0.2681596637132866,0.5027262058570432,0.5659968412254518
0.0,0.6355915863277827,0.5508333333333334,0.4648759541984733,0.25220994475138125,0.19258415893298184,0.2590277400300774,0.5048501912149415,0.49231677704856536
0.75,0.6362839614373357,0.7414841849148419,0.5324427480916031,0.7292817679558011,0.1050025154033606,0.0018118896196843688,0.5027262058570432,0.6406619329982862
0.5,0.5499682837881094,0.8672703501661922,0.5381053299394274,0.5685919973212791,0.6826632466056844,0.05727878683417949,0.4875634322776863,0.7350275346051539
0.25,0.5520946538124453,0.0904257907542579,0.3564837786259542,0.09546961325966852,0.577478038406414,0.3122429381602073,0.1394387228779701,0.07407405980917992
0.75,0.6056091148115688,0.46897810218978103,0.5052480916030534,0.6339779005524863,0.3364853334516783,0.23373376093928358,0.5027262058570432,0.39676910024164025
0.5,0.5499682837881094,0.717325584731831,0.2289218472615453,0.5685919973212791,0.4702396446573137,0.1322236345085195,0.44531169278182114,0.44700548659251305
0.25,0.4732690622261175,0.40183698296836984,0.43008110687022894,0.19883977900552488,0.3340034558148716,0.11862441340073562,0.7071248226061085,0.5334909305591783
0.75,0.2892199824715162,0.8576642335766423,0.44847328244274803,0.7127071823204421,0.12290067143802434,0.10146581870232466,0.5027262058570432,0.4001181940678624
0.25,0.13978965819456618,0.4347810218978102,0.16718034351145036,0.3512292817679558,0.2207797207395888,0.15549636716131252,0.6024610018409068,0.29550826337821856
1.0,0.8729184925503944,0.9568126520681266,0.6598282442748091,0.8176795580110497,0.3006890213823508,0.7428747440705912,0.5027262058570432,0.9667060672569684
1.0,0.754601226993865,0.8047445255474452,0.5104961832061069,0.5980662983425414,0.08829756977100778,0.13226794223695892,0.5027262058570432,0.7687155204714845
0.0,0.6899474145486415,0.7592639902676399,0.502628816793893,0.6211878453038674,0.13663452316862298,0.15372071533402185,0.7145397447807724,0.7645784045685043
0.5,0.5499682837881094,0.6040298083112768,0.07725445169756441,0.5685919973212791,0.2728560112223058,0.2510788827722527,0.4403937668997846,0.26300232866342044
0.0,0.5590972830850132,0.6612408759124089,0.39516698473282436,0.6437983425414365,0.6149209808309305,0.0,0.437545951429695,0.5330969195207994
0.0,0.634478527607362,0.6509914841849149,0.5366698473282442,0.7323756906077349,0.39465434056433546,0.19026652896305557,0.4436500111138342,0.6061859671401172
1.0,0.38825591586327785,0.5608272506082725,0.034828244274809156,0.511049723756906,0.2780180237384434,0.05979235744958417,0.5027262058570432,0.25256106019489977
1.0,0.5758106923751096,0.9355231143552312,0.5019083969465649,0.5441988950276243,0.2911433381638635,0.05073290935116233,0.5027262058570432,0.5031520806039899
1.0,0.7659947414548641,0.5158150851581509,0.45181297709923657,0.5290055248618785,0.21239145161134304,0.04892101973147796,0.5027262058570432,0.39913316647191477
0.0,0.5856704645048203,0.7129075425790755,0.42718034351145034,0.7965745856353591,0.25873574363709906,0.25790436846587306,0.25204751021617827,0.4318360826573776
0.75,0.530236634531113,0.9635036496350365,0.3430343511450381,1.0,0.39137301195798047,0.46927941149825153,0.5027262058570432,0.670409766395906
0.75,0.5530236634531113,0.9221411192214113,0.545324427480916,0.6270718232044199,0.17659513954201556,0.21923864398180862,0.5027262058570432,0.610126077523908
0.5,0.5499682837881094,0.7794850354067032,0.22718535011051288,0.5685919973212791,0.21878013747382066,0.1901945001058524,0.3817490770148013,0.2949172580933964
0.5,0.5499682837881094,0.43281706145209975,0.5519432762196946,0.5685919973212791,0.46206227230649577,0.08834968291916798,0.33345918117239265,0.3938140001689191
1.0,0.6625766871165644,0.9300486618004866,0.35543893129770987,0.8715469613259669,0.38421374954411497,0.4348535087242485,0.5027262058570432,0.68577619689269
0.5,0.5499682837881094,0.9154861570854866,0.6323442545555916,0.5685919973212791,0.16292629501169512,0.043867390769344636,0.5041681584041816,0.6708037872039977
0.75,0.845749342681858,0.9355231143552312,0.5968511450381678,0.6201657458563536,0.16943587712815006,0.1340798318566433,0.5027262058570432,0.7125689475024667
1.0,0.25854513584574934,0.3497566909975669,0.14599236641221372,0.013812154696132598,0.24102850126680506,0.16488195539127756,0.5027262058570432,0.031520867664240115
1.0,0.4259421560035057,0.5279805352798054,0.29150763358778625,0.526243093922652,0.2923365485661744,0.07247558478737476,0.5027262058570432,0.4537036952874163
0.25,0.2601314636283962,0.3002007299270073,0.30108301526717557,0.5659254143646408,0.2529964016019835,0.059067601601710415,0.533355750981722,0.3118597214709501
0.5,0.5499682837881094,0.7539018082212652,0.6152134928994514,0.5685919973212791,0.0,0.07843629738810674,0.40484037779604976,0.49921201681421656
0.75,0.2077125328659071,0.6630170316301705,0.15362595419847327,0.6215469613259669,0.3090414941985273,0.1105252668007465,0.5027262058570432,0.28920408676415343
0.25,0.6398510078878177,0.3051277372262774,0.45577290076335875,0.44013812154696136,0.20093663174915824,0.0960482687394684,0.45583248317251523,0.3865248132437844
1.0,0.6538124452234881,0.7718978102189781,0.38167938931297707,0.738950276243094,0.2088118204044103,0.14132739033538078,0.5027262058570432,0.7373916429203483
0.25,0.5800964066608238,0.46043187347931874,0.5456679389312977,0.6373618784530387,0.4409031757579066,0.09427261691217771,0.5339342402981927,0.5821512937989938
0.25,0.4116564417177914,0.5096046228710462,0.3789217557251908,0.7038812154696132,0.25890279309342257,0.14034896994075122,0.7374370928489601,0.616430254137973
0.25,0.27927256792287464,0.37461070559610704,0.15670801526717554,0.7502762430939227,0.281024913952267,0.91538475476074,0.1822697299053329,0.16193852136771314
1.0,0.740578439964943,0.7372262773722628,0.45085877862595414,0.292817679558011,0.3138143358077709,0.010871337718106213,0.5027262058570432,0.5305358477713354
0.75,0.8001752848378616,0.9130170316301703,0.6464694656488549,0.9102209944751382,0.340064964658611,0.6939537243391133,0.5027262058570432,0.9103624887687612
0.0,0.0,0.5813321167883212,0.15755725190839692,0.5640883977900553,0.2563970512485696,0.15919262198546863,0.6216651373270944,0.35736799640373296
0.25,0.5568185801928133,0.4511739659367397,0.5144942748091602,0.20871546961325965,0.20512480026126959,0.23049047852004853,0.5490604535584217,0.48620960595368967
1.0,0.26993865030674846,0.6721411192214112,0.18368320610687022,0.45165745856353595,0.18256119155357015,0.09421826022358717,0.5027262058570432,0.3343183506585572
0.25,0.31288343558282206,0.4721593673965937,0.22497614503816793,0.43867403314917125,0.3755271778152915,0.09238825170770597,0.2989649885726987,0.19168635476533302
1.0,0.8992112182296231,0.9470802919708029,0.6216603053435114,0.8080110497237569,0.3937594327626023,0.6885180554800602,0.5027262058570432,0.9089834501344344
0.25,0.6202103418054338,0.39152676399026765,0.44552958015267174,0.13136740331491714,0.35663865714670967,0.0,0.6142473654513642,0.4866036169920688
0.0,0.5646362839614373,0.6347688564476887,0.35569179389312977,0.7974171270718232,0.32800160749124774,0.1716221847765034,0.6879092883156557,0.6757289154140235
0.75,0.042068361086765996,0.7128953771289538,0.3287213740458015,0.6381215469613261,0.23983529086449412,0.0579804678298998,0.5027262058570432,0.4850275728385526
0.25,0.3856792287467134,0.6314902676399027,0.5153482824427481,0.5166850828729282,0.2692717914895044,0.5157906180355493,0.5375419618482021,0.5841213489908893
0.25,0.25099912357581067,0.5118126520681265,0.2928959923664122,0.17513812154696132,0.2706917118682544,0.3253247812143284,0.45530243877417254,0.29708430753173487
